customer_id,region,age_group,tenure_months,speed_mbps,monthly_charge,contract_type,support_calls,downtime_hours,autopay,bundle_package,churn
CUST0001,Bandung,26-35,52,50,34.39,Annual,3,3,1,Internet Only,0
CUST0002,Jakarta,26-35,15,50,30.42,Monthly,14,18,1,Internet Only,1
CUST0003,Bandung,26-35,72,10,20.71,Annual,2,0,1,Internet+TV,0
CUST0004,Jakarta,26-35,61,50,34.66,6-Month,3,0,1,Internet+TV,0
CUST0005,Jakarta,46-55,21,100,54.38,6-Month,3,1,0,Internet+TV+Phone,0
CUST0006,Jakarta,18-25,24,100,60.08,Monthly,12,1,0,Internet Only,0
CUST0007,Bandung,55+,3,10,28.14,Monthly,9,0,1,Internet Only,1
CUST0008,Jakarta,36-45,22,50,47.1,Monthly,10,0,1,Internet Only,0
CUST0009,Medan,26-35,53,50,31.01,Monthly,1,3,0,Internet Only,0
CUST0010,Surabaya,18-25,2,150,75.61,Monthly,13,6,1,Internet Only,1
CUST0011,Surabaya,36-45,30,100,60.82,6-Month,11,2,1,Internet+TV+Phone,0
CUST0012,Bandung,36-45,38,100,49.61,Monthly,13,2,0,Internet Only,1
CUST0013,Surabaya,18-25,2,50,35.84,Annual,0,0,0,Internet Only,0
CUST0014,Makassar,26-35,64,200,76.0,6-Month,11,4,0,Internet Only,0
CUST0015,Jakarta,46-55,60,10,30.75,6-Month,9,4,1,Internet Only,0
CUST0016,Jakarta,18-25,21,20,25.28,Monthly,11,2,0,Internet+TV,0
CUST0017,Jakarta,46-55,33,50,43.95,6-Month,0,0,1,Internet+TV,0
CUST0018,Jakarta,36-45,58,20,28.65,Annual,12,0,1,Internet+TV,1
CUST0019,Jakarta,26-35,22,300,123.52,Monthly,13,0,1,Internet Only,0
CUST0020,Surabaya,26-35,49,150,59.76,Monthly,7,2,0,Internet Only,0
CUST0021,Bandung,18-25,59,50,26.18,Annual,13,5,1,Internet Only,0
CUST0022,Makassar,46-55,42,100,34.25,Monthly,1,5,1,Internet Only,0
CUST0023,Jakarta,18-25,60,300,120.5,Monthly,11,1,1,Internet+TV,0
CUST0024,Jakarta,26-35,15,200,108.23,Monthly,9,4,1,Internet Only,0
CUST0025,Makassar,36-45,62,100,44.7,Monthly,4,8,1,Internet+TV,0
CUST0026,Medan,26-35,62,200,68.95,6-Month,11,0,1,Internet Only,0
CUST0027,Bandung,36-45,47,300,132.7,Monthly,15,1,0,Internet+TV,0
CUST0028,Surabaya,46-55,62,100,73.91,Annual,3,8,0,Internet+TV+Phone,0
CUST0029,Medan,26-35,51,10,25.88,Annual,7,1,0,Internet+TV,0
CUST0030,Bandung,55+,55,50,39.81,6-Month,1,7,1,Internet+TV,0
CUST0031,Jakarta,46-55,64,150,70.02,6-Month,9,11,0,Internet+TV+Phone,0
CUST0032,Medan,26-35,3,20,15.0,Annual,8,3,0,Internet+TV,1
CUST0033,Bandung,26-35,51,150,60.89,Monthly,6,5,1,Internet Only,1
CUST0034,Jakarta,26-35,7,20,24.47,Annual,14,4,0,Internet Only,0
CUST0035,Bandung,36-45,21,10,19.43,Annual,12,3,0,Internet+TV,1
CUST0036,Bandung,26-35,39,50,36.58,Annual,6,1,0,Internet+TV,0
CUST0037,Medan,55+,18,10,30.13,6-Month,0,0,1,Internet Only,0
CUST0038,Jakarta,36-45,4,300,120.35,Monthly,13,1,1,Internet Only,1
CUST0039,Medan,26-35,60,150,79.3,Monthly,15,3,0,Internet+TV+Phone,1
CUST0040,Bandung,36-45,14,150,67.9,Annual,11,0,1,Internet Only,0
CUST0041,Bandung,26-35,9,100,63.31,Monthly,1,0,1,Internet Only,0
CUST0042,Jakarta,46-55,53,20,27.69,Annual,3,0,1,Internet Only,0
CUST0043,Surabaya,36-45,2,100,51.51,Monthly,3,3,1,Internet+TV,0
CUST0044,Makassar,18-25,60,100,55.55,Monthly,10,10,1,Internet Only,1
CUST0045,Bandung,18-25,71,100,52.65,Monthly,13,12,1,Internet+TV,1
CUST0046,Jakarta,46-55,44,50,38.41,Monthly,2,2,0,Internet Only,0
CUST0047,Surabaya,36-45,8,100,61.06,6-Month,6,6,0,Internet+TV,0
CUST0048,Medan,55+,47,50,36.8,Monthly,11,4,0,Internet+TV,0
CUST0049,Jakarta,18-25,35,300,122.04,Annual,7,2,1,Internet Only,0
CUST0050,Surabaya,26-35,36,200,81.01,6-Month,1,2,1,Internet+TV,0
CUST0051,Surabaya,26-35,50,50,42.13,Monthly,15,0,1,Internet Only,1
CUST0052,Jakarta,36-45,4,100,57.79,6-Month,3,8,0,Internet Only,0
CUST0053,Bandung,26-35,2,100,45.54,Annual,13,1,1,Internet+TV,1
CUST0054,Jakarta,18-25,6,10,30.18,Annual,15,1,1,Internet Only,0
CUST0055,Medan,36-45,54,200,80.41,Monthly,2,3,1,Internet+TV,0
CUST0056,Surabaya,36-45,4,150,80.73,Annual,1,1,1,Internet Only,0
CUST0057,Bandung,26-35,54,50,43.0,Annual,11,0,1,Internet Only,0
CUST0058,Bandung,26-35,63,50,40.86,Monthly,12,2,1,Internet Only,1
CUST0059,Jakarta,46-55,18,50,34.48,Monthly,13,0,1,Internet+TV,0
CUST0060,Medan,26-35,44,50,42.11,6-Month,5,3,1,Internet Only,0
CUST0061,Bandung,26-35,34,10,32.11,Monthly,12,2,0,Internet+TV,0
CUST0062,Bandung,26-35,62,150,77.24,Annual,15,2,0,Internet Only,0
CUST0063,Bandung,46-55,14,10,18.14,Monthly,3,2,1,Internet Only,0
CUST0064,Bandung,46-55,48,50,39.64,Annual,5,2,0,Internet+TV,0
CUST0065,Jakarta,26-35,15,200,99.06,6-Month,1,2,1,Internet+TV,0
CUST0066,Jakarta,26-35,72,100,72.59,Monthly,11,3,0,Internet Only,0
CUST0067,Jakarta,46-55,62,50,35.86,Monthly,3,4,1,Internet+TV,0
CUST0068,Medan,55+,40,50,44.36,6-Month,10,3,0,Internet Only,1
CUST0069,Jakarta,36-45,53,10,32.58,Annual,5,6,0,Internet+TV,1
CUST0070,Jakarta,55+,24,100,48.5,Annual,13,0,1,Internet+TV+Phone,0
CUST0071,Medan,36-45,26,10,37.76,Monthly,4,1,0,Internet+TV+Phone,1
CUST0072,Jakarta,46-55,60,100,46.48,Monthly,2,8,0,Internet+TV,0
CUST0073,Surabaya,26-35,41,300,131.47,Monthly,7,1,0,Internet Only,0
CUST0074,Jakarta,26-35,29,20,29.44,6-Month,6,0,1,Internet+TV,0
CUST0075,Jakarta,18-25,15,200,90.44,Monthly,15,2,0,Internet+TV,0
CUST0076,Bandung,46-55,45,300,145.37,Monthly,15,0,1,Internet Only,1
CUST0077,Jakarta,55+,65,10,21.09,6-Month,2,0,1,Internet Only,0
CUST0078,Medan,36-45,71,200,87.46,Annual,5,19,1,Internet+TV+Phone,0
CUST0079,Bandung,26-35,9,100,65.65,Monthly,3,2,1,Internet+TV+Phone,0
CUST0080,Jakarta,18-25,1,200,96.09,Monthly,10,1,1,Internet Only,0
CUST0081,Jakarta,26-35,8,100,65.26,6-Month,4,15,0,Internet+TV,1
CUST0082,Bandung,26-35,63,100,55.93,6-Month,10,10,1,Internet+TV,0
CUST0083,Jakarta,36-45,11,100,57.54,Monthly,4,1,0,Internet Only,0
CUST0084,Jakarta,55+,8,150,87.71,Annual,15,0,1,Internet Only,0
CUST0085,Bandung,18-25,35,100,48.31,Annual,6,5,1,Internet+TV,0
CUST0086,Medan,18-25,35,100,54.18,Monthly,10,3,1,Internet Only,1
CUST0087,Bandung,36-45,33,150,78.89,Monthly,4,3,1,Internet Only,0
CUST0088,Surabaya,26-35,5,20,25.43,6-Month,10,6,0,Internet+TV,1
CUST0089,Medan,46-55,41,20,22.44,Annual,14,3,1,Internet+TV+Phone,0
CUST0090,Jakarta,26-35,28,20,31.95,Monthly,15,1,1,Internet+TV,0
CUST0091,Medan,26-35,7,50,48.19,6-Month,2,3,0,Internet+TV,0
CUST0092,Medan,26-35,72,20,25.87,6-Month,9,1,1,Internet Only,1
CUST0093,Bandung,18-25,12,200,88.65,Monthly,4,4,1,Internet Only,1
CUST0094,Makassar,36-45,34,20,21.82,6-Month,6,2,1,Internet+TV,0
CUST0095,Jakarta,18-25,33,100,52.63,Annual,4,0,1,Internet Only,0
CUST0096,Jakarta,26-35,48,20,35.67,Monthly,4,2,0,Internet+TV+Phone,0
CUST0097,Medan,26-35,23,200,90.65,Monthly,8,1,0,Internet Only,0
CUST0098,Bandung,18-25,62,300,118.56,Monthly,14,1,1,Internet Only,0
CUST0099,Jakarta,18-25,37,50,39.6,Annual,2,2,1,Internet Only,0
CUST0100,Jakarta,36-45,44,200,98.41,Annual,12,1,0,Internet+TV+Phone,1
CUST0101,Medan,36-45,35,10,19.0,Monthly,5,4,0,Internet Only,1
CUST0102,Medan,55+,65,150,61.87,Annual,0,0,1,Internet Only,0
CUST0103,Surabaya,18-25,47,20,44.53,6-Month,9,3,0,Internet Only,0
CUST0104,Makassar,18-25,3,200,78.97,6-Month,4,4,0,Internet+TV,0
CUST0105,Jakarta,18-25,1,10,20.63,Monthly,7,3,0,Internet Only,1
CUST0106,Jakarta,26-35,5,100,56.86,Monthly,4,2,0,Internet Only,1
CUST0107,Surabaya,36-45,14,150,70.32,Monthly,8,9,1,Internet Only,0
CUST0108,Medan,46-55,27,50,36.9,6-Month,10,1,1,Internet+TV,0
CUST0109,Jakarta,36-45,9,20,31.61,Monthly,5,0,0,Internet Only,0
CUST0110,Jakarta,26-35,15,10,15.0,Annual,7,1,0,Internet Only,0
CUST0111,Medan,26-35,42,50,27.36,Monthly,9,0,0,Internet Only,0
CUST0112,Makassar,55+,51,100,55.35,Monthly,7,9,1,Internet+TV,1
CUST0113,Surabaya,26-35,63,20,23.77,6-Month,12,0,0,Internet+TV,1
CUST0114,Jakarta,36-45,52,50,38.54,Annual,2,4,1,Internet+TV,0
CUST0115,Makassar,55+,4,10,25.32,Monthly,6,4,1,Internet+TV+Phone,1
CUST0116,Medan,46-55,23,150,55.57,Monthly,13,0,0,Internet+TV+Phone,1
CUST0117,Bandung,46-55,15,20,37.19,Annual,6,2,0,Internet Only,0
CUST0118,Medan,26-35,43,50,33.51,Monthly,13,0,0,Internet+TV,1
CUST0119,Medan,26-35,29,10,16.58,Monthly,9,1,1,Internet+TV,0
CUST0120,Makassar,18-25,36,50,39.17,Annual,11,0,1,Internet+TV+Phone,0
CUST0121,Medan,36-45,13,150,73.36,Monthly,5,7,0,Internet Only,0
CUST0122,Surabaya,18-25,32,50,47.07,6-Month,11,11,1,Internet+TV,1
CUST0123,Surabaya,46-55,71,20,29.17,Monthly,6,0,0,Internet Only,0
CUST0124,Bandung,46-55,59,150,81.76,Monthly,13,0,1,Internet+TV+Phone,1
CUST0125,Surabaya,36-45,28,150,64.99,Monthly,1,4,1,Internet Only,0
CUST0126,Medan,18-25,66,20,28.13,Monthly,8,0,1,Internet Only,0
CUST0127,Makassar,18-25,42,150,63.58,Monthly,9,6,1,Internet Only,1
CUST0128,Bandung,46-55,45,200,90.78,Monthly,9,2,1,Internet Only,0
CUST0129,Surabaya,36-45,62,20,26.09,Annual,0,1,1,Internet+TV,0
CUST0130,Bandung,36-45,57,150,71.24,Monthly,0,5,1,Internet Only,0
CUST0131,Surabaya,26-35,6,100,53.81,Monthly,2,2,1,Internet Only,1
CUST0132,Surabaya,36-45,28,50,43.39,Annual,13,7,0,Internet+TV+Phone,1
CUST0133,Jakarta,46-55,28,10,15.0,6-Month,14,7,0,Internet Only,1
CUST0134,Bandung,26-35,44,10,16.3,Monthly,2,0,1,Internet+TV,1
CUST0135,Jakarta,36-45,30,150,72.18,Annual,0,0,1,Internet Only,0
CUST0136,Jakarta,46-55,62,300,115.57,Monthly,11,12,1,Internet Only,0
CUST0137,Medan,26-35,62,100,55.37,Monthly,6,7,1,Internet+TV,0
CUST0138,Jakarta,18-25,1,50,37.09,Annual,3,0,1,Internet+TV,0
CUST0139,Jakarta,36-45,27,100,43.77,6-Month,9,5,1,Internet Only,0
CUST0140,Jakarta,18-25,62,100,43.37,Monthly,12,1,1,Internet+TV+Phone,0
CUST0141,Jakarta,46-55,3,50,16.51,Monthly,1,0,1,Internet+TV+Phone,1
CUST0142,Medan,36-45,70,10,15.0,6-Month,9,6,0,Internet+TV+Phone,0
CUST0143,Bandung,46-55,72,150,72.61,Monthly,4,0,0,Internet Only,0
CUST0144,Medan,36-45,27,50,38.75,Annual,5,8,1,Internet Only,1
CUST0145,Bandung,18-25,9,150,74.12,Monthly,8,0,0,Internet+TV,1
CUST0146,Jakarta,26-35,62,50,31.28,Annual,3,2,1,Internet+TV,0
CUST0147,Jakarta,46-55,37,10,23.35,6-Month,1,0,0,Internet Only,1
CUST0148,Surabaya,18-25,51,20,30.18,Annual,4,2,0,Internet+TV,0
CUST0149,Surabaya,36-45,44,50,27.36,Annual,2,3,1,Internet Only,0
CUST0150,Makassar,46-55,24,200,90.99,6-Month,1,0,1,Internet Only,0
CUST0151,Surabaya,26-35,59,20,32.25,Monthly,11,2,0,Internet Only,1
CUST0152,Bandung,26-35,32,150,68.57,Monthly,0,1,1,Internet+TV,0
CUST0153,Medan,36-45,52,100,63.5,Monthly,9,0,1,Internet Only,1
CUST0154,Makassar,46-55,62,150,68.76,Annual,1,5,1,Internet+TV,0
CUST0155,Bandung,26-35,58,50,30.62,Annual,5,1,0,Internet+TV,0
CUST0156,Jakarta,55+,52,150,76.95,Monthly,7,2,1,Internet+TV,1
CUST0157,Surabaya,36-45,12,150,88.77,Monthly,12,2,1,Internet+TV+Phone,0
CUST0158,Bandung,55+,39,20,27.68,Monthly,2,2,0,Internet+TV,0
CUST0159,Makassar,18-25,2,20,32.08,6-Month,10,0,1,Internet+TV+Phone,1
CUST0160,Bandung,18-25,3,150,68.43,6-Month,14,1,1,Internet Only,1
CUST0161,Jakarta,46-55,56,300,115.07,Annual,8,1,1,Internet Only,0
CUST0162,Makassar,46-55,59,10,24.83,Annual,14,3,1,Internet Only,1
CUST0163,Medan,26-35,2,100,57.6,Monthly,11,5,0,Internet Only,0
CUST0164,Jakarta,36-45,2,200,87.14,6-Month,8,2,0,Internet+TV,0
CUST0165,Makassar,46-55,54,150,77.55,Monthly,1,0,1,Internet Only,0
CUST0166,Jakarta,18-25,1,300,119.77,Monthly,7,0,1,Internet+TV,1
CUST0167,Bandung,36-45,19,150,65.28,Monthly,9,0,1,Internet+TV,0
CUST0168,Makassar,46-55,2,50,45.99,Monthly,10,0,1,Internet+TV,1
CUST0169,Bandung,26-35,53,50,46.02,Annual,11,1,0,Internet Only,0
CUST0170,Jakarta,26-35,44,50,32.43,Monthly,4,0,0,Internet+TV,0
CUST0171,Bandung,46-55,32,100,68.75,6-Month,3,0,1,Internet Only,0
CUST0172,Surabaya,26-35,70,100,52.7,Annual,9,0,0,Internet Only,0
CUST0173,Jakarta,18-25,32,20,27.68,Annual,4,0,1,Internet+TV,0
CUST0174,Surabaya,55+,68,150,71.82,Monthly,3,0,0,Internet+TV,0
CUST0175,Surabaya,36-45,55,100,59.19,6-Month,15,0,1,Internet Only,0
CUST0176,Jakarta,46-55,56,100,57.17,Monthly,7,1,0,Internet+TV+Phone,0
CUST0177,Surabaya,46-55,17,50,39.56,Annual,3,2,1,Internet Only,0
CUST0178,Medan,18-25,38,100,46.84,Annual,12,0,1,Internet Only,0
CUST0179,Bandung,18-25,24,20,15.0,6-Month,9,1,0,Internet Only,0
CUST0180,Bandung,26-35,69,20,36.14,Monthly,11,1,0,Internet+TV,0
CUST0181,Jakarta,26-35,70,10,19.14,Annual,12,0,0,Internet+TV,1
CUST0182,Surabaya,36-45,11,20,26.61,Monthly,13,0,1,Internet Only,1
CUST0183,Medan,36-45,16,50,40.11,Monthly,15,1,0,Internet Only,0
CUST0184,Jakarta,36-45,59,100,68.03,Monthly,5,3,1,Internet+TV,1
CUST0185,Bandung,26-35,70,10,24.79,Monthly,1,0,1,Internet Only,0
CUST0186,Bandung,26-35,3,150,69.34,Monthly,4,0,1,Internet Only,0
CUST0187,Surabaya,36-45,20,50,33.31,Annual,5,6,0,Internet+TV,1
CUST0188,Jakarta,26-35,59,200,89.7,Annual,4,0,1,Internet Only,0
CUST0189,Medan,18-25,36,300,117.73,Monthly,11,0,0,Internet+TV+Phone,0
CUST0190,Jakarta,36-45,19,20,27.23,Monthly,1,5,1,Internet Only,0
CUST0191,Surabaya,18-25,67,50,37.08,Monthly,13,5,1,Internet+TV,0
CUST0192,Bandung,26-35,19,10,36.63,Monthly,6,1,1,Internet Only,0
CUST0193,Surabaya,36-45,20,100,54.33,Monthly,3,2,1,Internet+TV+Phone,0
CUST0194,Jakarta,18-25,71,100,39.6,Annual,7,0,0,Internet Only,1
CUST0195,Surabaya,36-45,52,20,48.39,Monthly,6,0,0,Internet+TV,0
CUST0196,Jakarta,26-35,33,100,62.65,Monthly,6,2,1,Internet+TV,0
CUST0197,Jakarta,18-25,40,20,43.66,Monthly,8,0,0,Internet Only,1
CUST0198,Bandung,26-35,39,20,17.74,Annual,0,1,1,Internet Only,0
CUST0199,Surabaya,55+,1,100,53.23,Annual,9,8,1,Internet+TV,0
CUST0200,Jakarta,36-45,11,50,42.9,Annual,5,9,1,Internet+TV+Phone,0
CUST0201,Jakarta,55+,57,100,59.29,Annual,5,0,1,Internet Only,0
CUST0202,Medan,36-45,50,50,39.96,Monthly,5,2,1,Internet Only,0
CUST0203,Medan,36-45,23,300,107.4,Monthly,12,1,1,Internet+TV,0
CUST0204,Jakarta,26-35,31,20,15.0,6-Month,11,6,1,Internet Only,0
CUST0205,Surabaya,26-35,42,50,49.64,Monthly,5,0,1,Internet+TV+Phone,0
CUST0206,Bandung,26-35,7,100,68.56,6-Month,11,0,0,Internet+TV,0
CUST0207,Surabaya,26-35,16,50,36.65,Monthly,9,0,0,Internet+TV,0
CUST0208,Medan,26-35,60,300,136.12,Monthly,6,1,1,Internet Only,0
CUST0209,Jakarta,26-35,2,100,46.81,6-Month,13,1,1,Internet Only,1
CUST0210,Medan,26-35,1,100,48.64,6-Month,9,4,1,Internet+TV,1
CUST0211,Bandung,26-35,48,150,63.68,Annual,5,3,0,Internet+TV+Phone,0
CUST0212,Surabaya,26-35,12,300,118.2,Monthly,0,1,0,Internet+TV+Phone,1
CUST0213,Surabaya,36-45,69,200,95.78,6-Month,2,1,0,Internet Only,1
CUST0214,Makassar,46-55,37,100,48.1,Monthly,1,0,0,Internet Only,1
CUST0215,Jakarta,26-35,32,100,72.92,Monthly,5,6,0,Internet Only,0
CUST0216,Jakarta,26-35,9,20,30.68,Monthly,7,8,1,Internet+TV+Phone,1
CUST0217,Jakarta,26-35,19,20,35.68,Monthly,2,11,1,Internet Only,1
CUST0218,Makassar,46-55,48,100,58.92,Monthly,9,6,1,Internet Only,0
CUST0219,Surabaya,18-25,3,10,33.21,Monthly,7,0,0,Internet Only,0
CUST0220,Surabaya,36-45,20,50,30.56,Monthly,7,0,0,Internet Only,0
CUST0221,Jakarta,26-35,24,20,38.58,Monthly,4,2,1,Internet+TV+Phone,1
CUST0222,Medan,18-25,54,50,38.63,Monthly,7,7,1,Internet+TV,0
CUST0223,Medan,26-35,33,150,82.17,Monthly,5,0,0,Internet Only,0
CUST0224,Surabaya,26-35,24,200,78.48,Monthly,4,0,1,Internet Only,0
CUST0225,Jakarta,46-55,72,10,24.94,6-Month,8,4,0,Internet Only,0
CUST0226,Jakarta,36-45,36,100,56.16,Monthly,13,0,1,Internet Only,0
CUST0227,Surabaya,36-45,38,200,85.05,Monthly,6,1,1,Internet Only,0
CUST0228,Surabaya,36-45,25,10,26.0,Monthly,7,3,0,Internet+TV,0
CUST0229,Jakarta,36-45,18,150,84.82,6-Month,0,0,1,Internet Only,0
CUST0230,Surabaya,36-45,66,50,31.93,Annual,10,0,0,Internet Only,0
CUST0231,Jakarta,18-25,54,50,45.19,Annual,1,4,1,Internet Only,0
CUST0232,Medan,26-35,35,300,115.98,Annual,7,2,1,Internet+TV,0
CUST0233,Bandung,26-35,61,20,43.88,6-Month,11,13,1,Internet+TV,1
CUST0234,Jakarta,36-45,41,100,61.28,6-Month,8,1,1,Internet+TV,0
CUST0235,Bandung,18-25,33,150,86.3,6-Month,3,0,1,Internet+TV,0
CUST0236,Bandung,36-45,68,10,28.88,Monthly,15,3,0,Internet+TV,0
CUST0237,Jakarta,26-35,33,100,58.12,Monthly,11,2,1,Internet Only,0
CUST0238,Medan,55+,14,300,131.34,Monthly,15,0,0,Internet+TV+Phone,1
CUST0239,Jakarta,26-35,21,20,25.91,Annual,9,4,0,Internet Only,0
CUST0240,Jakarta,26-35,48,200,77.06,6-Month,10,0,1,Internet Only,0
CUST0241,Jakarta,55+,20,100,58.58,Annual,9,0,0,Internet+TV,0
CUST0242,Jakarta,26-35,8,100,48.96,Monthly,13,0,0,Internet Only,0
CUST0243,Jakarta,55+,7,100,46.19,Monthly,8,1,1,Internet+TV+Phone,1
CUST0244,Jakarta,18-25,67,50,42.59,Monthly,3,1,0,Internet Only,0
CUST0245,Surabaya,26-35,17,200,87.77,Monthly,9,2,1,Internet+TV+Phone,0
CUST0246,Jakarta,36-45,33,200,98.22,Annual,15,3,0,Internet+TV,0
CUST0247,Surabaya,46-55,48,100,48.69,6-Month,9,7,0,Internet+TV+Phone,0
CUST0248,Jakarta,26-35,59,150,68.73,Monthly,9,0,0,Internet+TV+Phone,0
CUST0249,Jakarta,55+,22,100,64.2,Annual,8,0,1,Internet+TV+Phone,0
CUST0250,Jakarta,36-45,30,50,39.74,Monthly,10,0,1,Internet+TV,0
CUST0251,Medan,46-55,38,100,43.18,Annual,6,0,0,Internet Only,0
CUST0252,Surabaya,26-35,51,100,57.06,Monthly,1,3,0,Internet Only,1
CUST0253,Medan,26-35,54,100,66.85,Monthly,8,3,1,Internet+TV,0
CUST0254,Jakarta,55+,8,150,68.67,Monthly,3,4,0,Internet+TV+Phone,0
CUST0255,Medan,55+,27,50,42.28,Monthly,7,0,1,Internet+TV,0
CUST0256,Jakarta,36-45,27,10,16.7,Monthly,13,1,0,Internet+TV+Phone,1
CUST0257,Jakarta,18-25,21,20,25.91,6-Month,6,1,1,Internet+TV,0
CUST0258,Surabaya,18-25,30,50,46.22,Annual,12,0,0,Internet Only,0
CUST0259,Bandung,36-45,28,100,56.75,Annual,14,2,1,Internet Only,0
CUST0260,Makassar,18-25,64,100,65.31,Monthly,15,12,1,Internet Only,1
CUST0261,Jakarta,26-35,69,100,58.4,6-Month,6,1,1,Internet Only,0
CUST0262,Makassar,26-35,61,50,55.25,Monthly,7,4,0,Internet+TV,1
CUST0263,Surabaya,36-45,48,100,42.48,Monthly,0,2,1,Internet+TV+Phone,0
CUST0264,Surabaya,18-25,19,50,35.76,6-Month,4,0,1,Internet+TV,0
CUST0265,Jakarta,36-45,4,50,28.82,6-Month,1,2,0,Internet Only,0
CUST0266,Jakarta,36-45,35,100,46.87,Monthly,1,1,0,Internet Only,1
CUST0267,Makassar,36-45,64,200,81.94,Monthly,14,0,1,Internet Only,0
CUST0268,Bandung,26-35,49,50,38.84,Annual,0,3,0,Internet+TV,0
CUST0269,Surabaya,26-35,17,10,25.31,Monthly,4,5,1,Internet Only,0
CUST0270,Makassar,36-45,44,20,30.42,Monthly,1,1,1,Internet Only,0
CUST0271,Jakarta,46-55,30,10,15.0,6-Month,3,1,1,Internet Only,0
CUST0272,Surabaya,36-45,46,100,52.41,Monthly,2,6,1,Internet Only,0
CUST0273,Surabaya,55+,6,50,29.79,Monthly,2,5,1,Internet+TV+Phone,0
CUST0274,Jakarta,36-45,37,100,62.49,Monthly,1,3,0,Internet Only,0
CUST0275,Jakarta,46-55,24,50,30.54,Annual,12,0,1,Internet Only,0
CUST0276,Bandung,18-25,46,10,21.79,6-Month,5,7,0,Internet Only,1
CUST0277,Bandung,26-35,53,50,41.98,6-Month,1,0,1,Internet Only,0
CUST0278,Surabaya,36-45,60,20,22.07,Annual,13,2,1,Internet+TV,0
CUST0279,Jakarta,26-35,63,50,43.05,Annual,13,0,0,Internet+TV,0
CUST0280,Makassar,36-45,32,20,39.77,Monthly,7,3,1,Internet Only,0
CUST0281,Jakarta,26-35,33,150,74.02,Monthly,7,0,0,Internet+TV,0
CUST0282,Surabaya,36-45,67,20,34.21,6-Month,12,1,1,Internet Only,0
CUST0283,Surabaya,26-35,18,300,108.41,6-Month,13,1,1,Internet+TV,1
CUST0284,Jakarta,26-35,25,50,34.07,6-Month,11,0,1,Internet Only,0
CUST0285,Jakarta,55+,54,150,73.98,6-Month,4,2,0,Internet Only,0
CUST0286,Medan,26-35,58,100,46.58,Monthly,9,6,1,Internet+TV,0
CUST0287,Medan,26-35,67,100,56.66,Monthly,6,9,1,Internet+TV,0
CUST0288,Jakarta,26-35,46,150,80.98,Monthly,3,0,0,Internet+TV,0
CUST0289,Bandung,46-55,24,100,39.96,Monthly,0,3,1,Internet Only,0
CUST0290,Bandung,36-45,32,100,45.49,Monthly,10,3,0,Internet Only,0
CUST0291,Jakarta,36-45,47,100,56.48,6-Month,1,1,1,Internet+TV+Phone,0
CUST0292,Surabaya,26-35,23,100,58.68,6-Month,9,0,1,Internet Only,0
CUST0293,Medan,36-45,66,10,29.4,Monthly,9,3,1,Internet Only,0
CUST0294,Jakarta,26-35,27,50,38.39,6-Month,3,8,1,Internet Only,0
CUST0295,Makassar,46-55,2,100,58.69,6-Month,0,2,1,Internet Only,1
CUST0296,Jakarta,46-55,17,100,62.23,Monthly,14,1,1,Internet Only,0
CUST0297,Surabaya,36-45,33,150,69.18,6-Month,12,2,0,Internet Only,0
CUST0298,Bandung,46-55,9,100,50.13,Annual,7,0,0,Internet Only,0
CUST0299,Bandung,36-45,43,300,123.65,Annual,8,4,1,Internet+TV+Phone,0
CUST0300,Bandung,36-45,48,50,39.1,6-Month,3,4,1,Internet Only,0
CUST0301,Jakarta,26-35,39,50,32.23,6-Month,9,0,1,Internet Only,0
CUST0302,Surabaya,36-45,42,50,34.35,Monthly,2,6,0,Internet+TV,0
CUST0303,Surabaya,26-35,26,50,40.68,Monthly,1,0,0,Internet+TV,0
CUST0304,Jakarta,18-25,50,150,73.76,Monthly,4,12,0,Internet Only,0
CUST0305,Medan,26-35,25,20,25.52,Annual,13,1,1,Internet+TV,0
CUST0306,Jakarta,26-35,24,150,58.57,Monthly,2,0,1,Internet Only,0
CUST0307,Surabaya,26-35,13,50,37.47,Monthly,9,1,0,Internet+TV,0
CUST0308,Jakarta,36-45,60,100,47.24,Annual,6,1,0,Internet Only,0
CUST0309,Jakarta,18-25,7,100,62.86,Annual,10,0,1,Internet Only,0
CUST0310,Jakarta,26-35,57,50,35.03,Annual,5,2,0,Internet+TV+Phone,1
CUST0311,Surabaya,46-55,36,100,47.03,Monthly,15,2,1,Internet+TV,1
CUST0312,Surabaya,26-35,45,50,37.01,Monthly,0,4,0,Internet Only,1
CUST0313,Bandung,36-45,20,10,33.67,Monthly,11,0,1,Internet Only,0
CUST0314,Jakarta,36-45,65,50,42.55,Monthly,7,2,1,Internet Only,0
CUST0315,Bandung,55+,8,10,25.26,Monthly,1,0,1,Internet+TV,1
CUST0316,Surabaya,36-45,16,50,26.89,6-Month,4,3,0,Internet Only,1
CUST0317,Surabaya,18-25,14,100,67.97,Annual,8,0,0,Internet Only,0
CUST0318,Jakarta,26-35,15,100,50.03,Monthly,7,7,1,Internet Only,1
CUST0319,Jakarta,18-25,66,100,62.47,6-Month,1,3,1,Internet+TV,0
CUST0320,Medan,55+,32,10,20.9,6-Month,8,2,0,Internet+TV,1
CUST0321,Jakarta,18-25,63,100,61.7,Monthly,15,1,0,Internet+TV,0
CUST0322,Jakarta,26-35,51,50,47.95,6-Month,4,0,1,Internet Only,0
CUST0323,Jakarta,26-35,25,50,42.69,Monthly,9,1,1,Internet+TV+Phone,0
CUST0324,Bandung,46-55,58,150,78.55,Monthly,13,6,0,Internet+TV,0
CUST0325,Bandung,26-35,63,10,22.71,Annual,5,7,0,Internet+TV+Phone,0
CUST0326,Surabaya,55+,62,100,51.53,Monthly,12,0,1,Internet Only,0
CUST0327,Jakarta,18-25,22,100,56.11,Annual,2,2,1,Internet Only,0
CUST0328,Surabaya,18-25,58,50,34.78,Monthly,12,3,1,Internet+TV,0
CUST0329,Jakarta,26-35,58,20,46.74,6-Month,2,2,1,Internet Only,1
CUST0330,Medan,46-55,49,20,19.06,Monthly,9,0,0,Internet+TV,0
CUST0331,Surabaya,46-55,52,200,98.02,Monthly,7,0,0,Internet+TV,1
CUST0332,Surabaya,18-25,42,50,41.64,Monthly,10,0,0,Internet+TV,0
CUST0333,Jakarta,18-25,70,50,39.34,6-Month,9,5,1,Internet+TV+Phone,0
CUST0334,Jakarta,46-55,15,50,49.34,Annual,9,1,1,Internet+TV,0
CUST0335,Bandung,18-25,54,100,57.39,Annual,14,2,0,Internet Only,0
CUST0336,Surabaya,18-25,60,20,21.92,6-Month,11,8,1,Internet Only,0
CUST0337,Jakarta,18-25,8,50,39.83,Annual,1,3,0,Internet Only,0
CUST0338,Makassar,18-25,53,100,53.53,6-Month,10,6,1,Internet+TV,0
CUST0339,Makassar,26-35,60,200,94.03,Annual,11,1,1,Internet Only,1
CUST0340,Bandung,18-25,5,50,44.0,6-Month,11,0,0,Internet Only,1
CUST0341,Makassar,26-35,68,50,30.63,6-Month,1,7,0,Internet+TV,0
CUST0342,Jakarta,46-55,6,50,47.06,Annual,12,1,1,Internet+TV,0
CUST0343,Jakarta,26-35,47,100,52.96,Monthly,4,0,1,Internet+TV+Phone,0
CUST0344,Jakarta,36-45,55,50,41.05,Annual,5,1,1,Internet+TV,0
CUST0345,Surabaya,18-25,40,100,59.94,6-Month,11,0,1,Internet+TV,1
CUST0346,Jakarta,36-45,52,150,75.44,Monthly,1,1,1,Internet+TV,0
CUST0347,Makassar,26-35,16,100,54.13,Monthly,14,5,0,Internet+TV+Phone,0
CUST0348,Jakarta,46-55,13,50,33.59,Monthly,4,8,0,Internet+TV,0
CUST0349,Jakarta,18-25,30,150,70.35,6-Month,6,8,1,Internet+TV+Phone,0
CUST0350,Medan,46-55,19,100,67.52,Annual,9,0,0,Internet+TV+Phone,0
CUST0351,Jakarta,26-35,17,100,48.07,Monthly,9,1,1,Internet+TV+Phone,1
CUST0352,Jakarta,26-35,63,10,17.75,Annual,7,0,0,Internet Only,1
CUST0353,Surabaya,55+,19,300,118.89,Annual,11,5,0,Internet Only,1
CUST0354,Jakarta,36-45,58,20,28.09,Monthly,15,1,0,Internet Only,0
CUST0355,Jakarta,26-35,55,20,15.0,Annual,6,2,1,Internet Only,0
CUST0356,Jakarta,55+,62,10,15.0,Annual,7,3,0,Internet Only,0
CUST0357,Bandung,26-35,23,100,52.91,Annual,13,1,1,Internet Only,0
CUST0358,Makassar,18-25,9,20,16.7,Annual,11,1,1,Internet Only,0
CUST0359,Medan,55+,12,20,17.35,Annual,8,9,1,Internet+TV,0
CUST0360,Jakarta,26-35,1,10,15.0,6-Month,15,10,1,Internet+TV,1
CUST0361,Bandung,46-55,58,20,20.23,Monthly,14,1,0,Internet Only,0
CUST0362,Bandung,18-25,1,100,60.85,Annual,4,1,1,Internet+TV,0
CUST0363,Makassar,46-55,34,100,62.65,6-Month,12,10,0,Internet+TV,0
CUST0364,Jakarta,36-45,48,50,52.85,6-Month,4,0,1,Internet+TV,0
CUST0365,Bandung,55+,1,50,52.56,Monthly,10,1,0,Internet+TV+Phone,1
CUST0366,Surabaya,36-45,16,100,61.29,Annual,9,0,1,Internet Only,0
CUST0367,Makassar,18-25,61,10,31.72,Monthly,3,2,1,Internet Only,0
CUST0368,Jakarta,36-45,64,50,38.55,Annual,12,0,1,Internet Only,0
CUST0369,Jakarta,18-25,63,300,129.16,Monthly,8,1,1,Internet Only,0
CUST0370,Jakarta,46-55,69,100,70.55,Monthly,4,0,1,Internet+TV,0
CUST0371,Jakarta,46-55,22,50,40.47,Monthly,13,2,0,Internet Only,1
CUST0372,Surabaya,36-45,67,100,64.23,Monthly,1,16,1,Internet Only,0
CUST0373,Surabaya,46-55,26,50,30.03,6-Month,14,4,0,Internet Only,0
CUST0374,Surabaya,18-25,16,100,49.67,Annual,9,5,1,Internet Only,0
CUST0375,Jakarta,36-45,51,20,29.5,Annual,7,3,1,Internet+TV,0
CUST0376,Jakarta,26-35,57,20,28.2,Monthly,14,0,1,Internet+TV,0
CUST0377,Jakarta,36-45,29,20,22.04,Monthly,6,0,1,Internet Only,0
CUST0378,Jakarta,18-25,69,200,109.26,Annual,7,7,1,Internet Only,0
CUST0379,Medan,46-55,47,100,56.38,Annual,11,1,1,Internet Only,0
CUST0380,Jakarta,18-25,62,20,23.46,6-Month,15,0,0,Internet Only,0
CUST0381,Jakarta,36-45,69,20,28.21,6-Month,2,3,1,Internet+TV+Phone,0
CUST0382,Bandung,18-25,16,100,55.2,Monthly,14,1,1,Internet Only,1
CUST0383,Bandung,46-55,48,20,28.5,Annual,14,0,1,Internet+TV,1
CUST0384,Bandung,18-25,39,20,15.0,6-Month,15,18,1,Internet+TV+Phone,0
CUST0385,Medan,36-45,33,300,135.34,Monthly,3,5,0,Internet Only,1
CUST0386,Jakarta,26-35,23,50,48.29,Monthly,4,1,0,Internet Only,1
CUST0387,Surabaya,36-45,10,100,66.76,Annual,5,11,1,Internet+TV+Phone,0
CUST0388,Jakarta,26-35,69,300,127.6,Monthly,0,3,0,Internet+TV,1
CUST0389,Jakarta,36-45,34,50,42.8,Monthly,3,4,0,Internet Only,1
CUST0390,Makassar,26-35,52,10,16.57,6-Month,10,0,1,Internet+TV,0
CUST0391,Jakarta,46-55,10,20,33.66,Monthly,11,0,1,Internet+TV,0
CUST0392,Surabaya,18-25,19,150,74.51,Monthly,9,3,1,Internet Only,0
CUST0393,Jakarta,26-35,58,150,68.82,Annual,12,6,0,Internet+TV+Phone,1
CUST0394,Bandung,36-45,1,150,79.42,Annual,4,2,1,Internet Only,0
CUST0395,Medan,18-25,69,20,34.23,Annual,6,0,0,Internet+TV,0
CUST0396,Medan,26-35,4,150,72.98,Annual,12,0,1,Internet+TV+Phone,1
CUST0397,Medan,55+,16,200,93.51,6-Month,4,5,0,Internet+TV,0
CUST0398,Surabaya,55+,24,100,46.75,Annual,15,0,1,Internet Only,1
CUST0399,Jakarta,46-55,2,200,99.95,Monthly,12,2,1,Internet Only,0
CUST0400,Surabaya,26-35,32,150,65.31,6-Month,12,0,1,Internet+TV,0
CUST0401,Surabaya,26-35,24,100,49.36,Annual,0,0,1,Internet+TV,0
CUST0402,Jakarta,36-45,12,100,55.5,Monthly,10,3,1,Internet+TV,0
CUST0403,Bandung,18-25,50,50,46.42,Monthly,6,3,0,Internet+TV+Phone,0
CUST0404,Medan,55+,35,20,35.91,6-Month,7,1,1,Internet+TV+Phone,0
CUST0405,Bandung,26-35,33,100,54.96,Monthly,12,0,0,Internet Only,0
CUST0406,Jakarta,55+,33,50,43.68,Monthly,6,5,1,Internet Only,0
CUST0407,Medan,36-45,61,150,58.99,Annual,10,0,1,Internet Only,0
CUST0408,Jakarta,46-55,51,300,119.25,Annual,15,2,0,Internet+TV,0
CUST0409,Jakarta,18-25,43,150,66.91,Monthly,13,10,1,Internet+TV,0
CUST0410,Surabaya,46-55,12,10,33.52,Monthly,12,0,0,Internet+TV,0
CUST0411,Bandung,26-35,67,50,42.74,Monthly,14,8,0,Internet Only,0
CUST0412,Surabaya,36-45,65,20,28.48,Annual,3,0,1,Internet Only,0
CUST0413,Jakarta,46-55,33,100,57.25,6-Month,7,2,1,Internet Only,1
CUST0414,Jakarta,18-25,40,150,85.05,Monthly,15,1,1,Internet+TV,0
CUST0415,Jakarta,26-35,43,200,88.64,6-Month,14,10,0,Internet Only,0
CUST0416,Makassar,36-45,44,50,26.99,Monthly,4,0,0,Internet Only,0
CUST0417,Bandung,26-35,29,200,98.7,6-Month,9,1,1,Internet Only,1
CUST0418,Jakarta,36-45,13,200,91.45,Annual,8,12,0,Internet+TV,1
CUST0419,Jakarta,26-35,12,50,45.13,6-Month,11,2,0,Internet Only,0
CUST0420,Jakarta,26-35,46,150,72.14,6-Month,11,2,1,Internet+TV,0
CUST0421,Bandung,36-45,2,50,30.79,Monthly,9,0,1,Internet+TV,1
CUST0422,Jakarta,36-45,35,50,40.72,Annual,4,3,1,Internet+TV,0
CUST0423,Bandung,26-35,8,100,55.08,6-Month,15,0,0,Internet+TV,0
CUST0424,Bandung,46-55,26,50,38.98,Monthly,15,0,0,Internet Only,1
CUST0425,Medan,46-55,34,100,67.93,6-Month,0,2,0,Internet Only,1
CUST0426,Surabaya,36-45,7,100,46.21,Monthly,11,1,1,Internet+TV+Phone,1
CUST0427,Bandung,26-35,68,100,57.29,Annual,8,9,0,Internet+TV,0
CUST0428,Jakarta,26-35,58,50,30.95,Monthly,11,7,1,Internet+TV+Phone,0
CUST0429,Surabaya,36-45,29,100,34.28,Annual,4,3,1,Internet+TV,0
CUST0430,Surabaya,36-45,36,100,54.61,Monthly,5,5,1,Internet Only,0
CUST0431,Jakarta,26-35,21,100,55.25,Annual,3,3,1,Internet Only,1
CUST0432,Makassar,36-45,36,50,42.49,6-Month,5,0,0,Internet+TV,0
CUST0433,Jakarta,26-35,10,10,21.76,Annual,11,4,0,Internet Only,0
CUST0434,Jakarta,18-25,24,100,43.09,Monthly,7,0,1,Internet Only,0
CUST0435,Jakarta,36-45,64,20,20.42,6-Month,2,1,0,Internet+TV,1
CUST0436,Makassar,36-45,49,100,65.54,Annual,4,5,1,Internet Only,0
CUST0437,Bandung,26-35,36,150,65.81,Monthly,1,2,1,Internet Only,0
CUST0438,Medan,36-45,24,100,67.67,Monthly,13,5,1,Internet+TV,0
CUST0439,Jakarta,55+,23,100,63.4,6-Month,1,0,0,Internet+TV,0
CUST0440,Bandung,36-45,62,300,122.46,6-Month,12,2,1,Internet Only,1
CUST0441,Bandung,36-45,37,150,66.67,Monthly,6,0,0,Internet+TV,1
CUST0442,Medan,18-25,12,200,98.38,Monthly,9,3,1,Internet+TV+Phone,1
CUST0443,Jakarta,18-25,55,150,70.57,Monthly,12,4,1,Internet Only,0
CUST0444,Jakarta,26-35,13,20,15.0,Annual,15,2,1,Internet Only,0
CUST0445,Jakarta,36-45,23,20,31.5,6-Month,9,0,1,Internet Only,0
CUST0446,Medan,46-55,30,100,58.34,Annual,13,0,1,Internet+TV,1
CUST0447,Bandung,26-35,17,20,36.1,Annual,10,0,1,Internet Only,0
CUST0448,Bandung,26-35,62,50,40.3,6-Month,9,2,1,Internet+TV+Phone,0
CUST0449,Bandung,26-35,13,50,33.11,Monthly,5,8,0,Internet+TV,1
CUST0450,Makassar,26-35,59,100,65.16,Monthly,3,0,1,Internet+TV,0
CUST0451,Medan,55+,19,100,65.94,Monthly,4,3,1,Internet+TV+Phone,0
CUST0452,Surabaya,36-45,49,100,56.87,Annual,0,6,0,Internet+TV+Phone,0
CUST0453,Jakarta,18-25,12,100,55.48,6-Month,6,2,0,Internet Only,0
CUST0454,Jakarta,36-45,61,150,61.91,Monthly,7,3,0,Internet Only,0
CUST0455,Makassar,36-45,19,50,32.64,Monthly,8,5,0,Internet+TV,0
CUST0456,Bandung,36-45,9,200,96.09,6-Month,7,0,1,Internet Only,0
CUST0457,Jakarta,18-25,71,10,19.04,6-Month,4,1,1,Internet Only,0
CUST0458,Bandung,26-35,28,300,113.35,Monthly,15,0,1,Internet+TV,0
CUST0459,Makassar,18-25,52,100,82.97,Annual,2,9,1,Internet+TV+Phone,0
CUST0460,Bandung,46-55,16,50,25.79,6-Month,9,7,1,Internet Only,0
CUST0461,Surabaya,36-45,69,20,45.05,Monthly,10,4,0,Internet+TV,0
CUST0462,Medan,36-45,12,50,35.04,Annual,8,0,1,Internet Only,0
CUST0463,Bandung,26-35,25,20,26.32,Monthly,14,1,1,Internet+TV,1
CUST0464,Jakarta,26-35,52,20,21.62,Annual,5,0,1,Internet Only,0
CUST0465,Makassar,18-25,53,100,61.26,Annual,14,0,0,Internet+TV+Phone,0
CUST0466,Makassar,55+,23,100,43.48,Annual,4,2,1,Internet Only,0
CUST0467,Medan,26-35,16,100,40.28,Annual,12,9,0,Internet+TV,0
CUST0468,Surabaya,18-25,57,200,102.88,Monthly,2,6,1,Internet Only,1
CUST0469,Jakarta,55+,39,100,48.57,Annual,5,3,0,Internet Only,0
CUST0470,Makassar,36-45,53,100,60.97,6-Month,2,0,1,Internet Only,0
CUST0471,Jakarta,46-55,42,10,15.0,Annual,9,0,0,Internet Only,1
CUST0472,Medan,18-25,58,100,60.67,Annual,11,1,0,Internet Only,0
CUST0473,Makassar,36-45,39,50,50.97,Annual,5,4,1,Internet Only,0
CUST0474,Surabaya,26-35,14,300,120.78,Annual,3,4,0,Internet+TV,0
CUST0475,Medan,46-55,5,150,57.03,Monthly,14,1,1,Internet+TV,1
CUST0476,Medan,18-25,35,100,68.51,Annual,1,1,1,Internet Only,0
CUST0477,Jakarta,26-35,18,20,34.41,6-Month,15,0,1,Internet+TV,0
CUST0478,Surabaya,46-55,9,150,68.71,Annual,7,1,0,Internet Only,0
CUST0479,Jakarta,36-45,58,150,70.76,6-Month,3,1,1,Internet+TV,0
CUST0480,Bandung,36-45,17,20,18.11,Monthly,8,0,1,Internet Only,1
CUST0481,Jakarta,18-25,7,50,48.86,Monthly,6,1,1,Internet+TV,0
CUST0482,Bandung,18-25,46,150,68.22,6-Month,11,5,0,Internet Only,0
CUST0483,Medan,36-45,13,20,15.65,Annual,1,2,1,Internet+TV+Phone,0
CUST0484,Makassar,36-45,40,200,91.71,Monthly,3,0,1,Internet Only,0
CUST0485,Jakarta,55+,42,50,30.62,6-Month,4,0,0,Internet Only,0
CUST0486,Bandung,36-45,9,10,15.26,Monthly,2,1,0,Internet Only,1
CUST0487,Bandung,36-45,50,150,69.06,Annual,8,1,1,Internet+TV+Phone,0
CUST0488,Makassar,46-55,27,50,38.19,6-Month,12,1,1,Internet+TV,0
CUST0489,Bandung,18-25,66,100,43.95,Monthly,4,2,1,Internet+TV,0
CUST0490,Surabaya,26-35,5,20,38.08,Monthly,1,2,1,Internet+TV+Phone,0
CUST0491,Makassar,26-35,29,10,28.92,Monthly,10,4,0,Internet+TV+Phone,0
CUST0492,Bandung,18-25,37,100,52.08,6-Month,2,1,0,Internet+TV,0
CUST0493,Makassar,46-55,38,100,47.77,Monthly,13,4,1,Internet Only,0
CUST0494,Makassar,36-45,8,100,54.29,Monthly,14,1,1,Internet+TV,1
CUST0495,Makassar,36-45,65,150,79.7,Annual,8,0,1,Internet Only,1
CUST0496,Jakarta,26-35,17,100,60.96,Annual,6,2,1,Internet+TV,0
CUST0497,Bandung,26-35,71,20,35.47,6-Month,1,2,0,Internet+TV,0
CUST0498,Medan,18-25,45,50,33.66,Annual,8,8,1,Internet+TV,0
CUST0499,Bandung,36-45,4,200,66.6,Monthly,13,3,1,Internet+TV,1
CUST0500,Surabaya,26-35,36,150,82.48,6-Month,3,7,0,Internet+TV,0
CUST0501,Jakarta,46-55,70,100,53.66,6-Month,12,7,1,Internet+TV+Phone,1
CUST0502,Jakarta,26-35,31,50,42.83,6-Month,8,2,0,Internet Only,0
CUST0503,Bandung,26-35,19,50,50.85,Monthly,14,2,0,Internet Only,1
CUST0504,Surabaya,36-45,61,100,74.48,6-Month,12,2,1,Internet+TV,0
CUST0505,Bandung,46-55,54,150,67.3,Monthly,1,11,1,Internet+TV+Phone,0
CUST0506,Surabaya,26-35,39,100,56.07,Annual,14,4,1,Internet Only,0
CUST0507,Bandung,36-45,19,150,83.43,Monthly,11,0,0,Internet Only,1
CUST0508,Surabaya,55+,39,150,65.75,Monthly,9,4,0,Internet Only,0
CUST0509,Surabaya,55+,67,20,22.34,Monthly,15,0,0,Internet Only,1
CUST0510,Bandung,46-55,45,50,32.8,Monthly,11,1,0,Internet+TV+Phone,0
CUST0511,Bandung,46-55,13,20,26.78,6-Month,3,0,0,Internet+TV,0
CUST0512,Jakarta,26-35,58,20,25.24,Monthly,4,3,1,Internet+TV,0
CUST0513,Bandung,46-55,20,150,67.75,Annual,1,6,1,Internet+TV,0
CUST0514,Surabaya,26-35,72,50,29.77,Monthly,9,1,1,Internet+TV,0
CUST0515,Bandung,55+,61,100,61.5,Monthly,0,0,1,Internet Only,0
CUST0516,Jakarta,18-25,39,20,37.7,6-Month,6,1,1,Internet Only,1
CUST0517,Surabaya,26-35,1,50,49.36,Monthly,15,3,0,Internet Only,1
CUST0518,Jakarta,36-45,3,20,23.15,6-Month,9,1,0,Internet Only,0
CUST0519,Makassar,26-35,62,20,33.83,6-Month,0,0,1,Internet Only,0
CUST0520,Jakarta,26-35,63,100,56.89,Monthly,15,0,1,Internet Only,1
CUST0521,Makassar,36-45,25,50,32.93,Monthly,10,2,1,Internet Only,0
CUST0522,Bandung,46-55,56,100,60.87,Monthly,10,0,1,Internet Only,1
CUST0523,Bandung,36-45,33,10,18.57,Monthly,7,3,1,Internet+TV,1
CUST0524,Jakarta,26-35,38,20,23.99,Monthly,2,0,1,Internet Only,0
CUST0525,Jakarta,46-55,6,50,26.49,Monthly,13,3,1,Internet+TV+Phone,1
CUST0526,Jakarta,26-35,58,100,51.29,Monthly,9,0,0,Internet Only,0
CUST0527,Jakarta,18-25,44,100,57.03,6-Month,5,2,1,Internet+TV,0
CUST0528,Surabaya,36-45,45,50,50.05,6-Month,6,1,1,Internet+TV+Phone,0
CUST0529,Jakarta,46-55,32,50,34.67,6-Month,9,3,0,Internet+TV+Phone,0
CUST0530,Medan,36-45,45,100,46.69,Monthly,0,8,1,Internet+TV+Phone,0
CUST0531,Jakarta,36-45,61,10,35.48,Monthly,13,7,1,Internet Only,0
CUST0532,Makassar,26-35,47,50,33.46,Annual,5,2,1,Internet Only,0
CUST0533,Bandung,36-45,21,150,58.51,6-Month,6,1,1,Internet Only,0
CUST0534,Jakarta,18-25,36,100,56.06,Annual,5,5,0,Internet Only,0
CUST0535,Bandung,55+,19,50,34.9,Monthly,3,3,1,Internet Only,1
CUST0536,Jakarta,46-55,20,200,108.4,6-Month,0,0,1,Internet+TV+Phone,0
CUST0537,Jakarta,36-45,57,150,76.3,6-Month,10,5,1,Internet+TV,1
CUST0538,Bandung,36-45,18,50,36.33,Monthly,8,1,0,Internet+TV,1
CUST0539,Surabaya,46-55,47,100,47.6,6-Month,3,0,0,Internet+TV+Phone,1
CUST0540,Makassar,36-45,49,100,57.64,6-Month,6,0,1,Internet+TV,0
CUST0541,Bandung,26-35,14,50,49.15,Monthly,6,0,0,Internet+TV,0
CUST0542,Makassar,18-25,15,50,39.99,Monthly,1,2,0,Internet+TV,1
CUST0543,Makassar,36-45,31,50,30.72,Annual,0,0,1,Internet Only,0
CUST0544,Medan,55+,1,100,59.31,Annual,7,0,1,Internet Only,0
CUST0545,Bandung,18-25,54,50,37.11,Monthly,7,0,1,Internet+TV+Phone,0
CUST0546,Jakarta,26-35,3,150,76.09,Monthly,6,2,0,Internet+TV+Phone,0
CUST0547,Jakarta,26-35,16,100,52.16,Monthly,13,3,1,Internet+TV+Phone,0
CUST0548,Surabaya,46-55,57,10,20.47,6-Month,14,1,1,Internet Only,0
CUST0549,Bandung,26-35,12,100,51.66,Monthly,14,0,0,Internet+TV+Phone,0
CUST0550,Jakarta,26-35,16,50,45.04,Annual,14,0,0,Internet Only,0
CUST0551,Bandung,36-45,72,100,52.05,Monthly,14,7,1,Internet Only,1
CUST0552,Jakarta,36-45,24,100,51.32,Monthly,7,2,1,Internet Only,0
CUST0553,Surabaya,18-25,28,20,19.46,6-Month,15,1,1,Internet Only,0
CUST0554,Jakarta,18-25,8,50,41.13,Annual,2,0,0,Internet Only,0
CUST0555,Surabaya,36-45,36,20,29.49,6-Month,10,3,0,Internet Only,0
CUST0556,Medan,26-35,8,10,19.91,Monthly,1,2,1,Internet Only,0
CUST0557,Jakarta,55+,58,50,31.82,Annual,6,0,0,Internet Only,0
CUST0558,Bandung,36-45,60,50,52.51,Monthly,7,0,1,Internet+TV,0
CUST0559,Medan,18-25,50,300,109.96,Annual,0,1,1,Internet+TV,0
CUST0560,Jakarta,36-45,28,50,41.45,Monthly,11,5,0,Internet Only,1
CUST0561,Jakarta,26-35,41,50,47.83,Annual,9,6,1,Internet Only,0
CUST0562,Jakarta,18-25,64,100,27.91,6-Month,15,2,1,Internet+TV,0
CUST0563,Surabaya,55+,27,10,29.85,Monthly,8,3,1,Internet+TV,0
CUST0564,Surabaya,46-55,63,300,123.24,Annual,14,0,0,Internet Only,0
CUST0565,Jakarta,26-35,17,100,57.05,Monthly,12,2,0,Internet+TV,1
CUST0566,Bandung,26-35,33,150,69.91,Monthly,14,3,1,Internet+TV+Phone,0
CUST0567,Jakarta,18-25,29,20,35.6,6-Month,10,0,1,Internet Only,0
CUST0568,Medan,26-35,13,50,40.4,Monthly,3,6,0,Internet Only,0
CUST0569,Jakarta,36-45,46,50,38.55,6-Month,15,0,0,Internet Only,1
CUST0570,Medan,26-35,35,150,65.31,Monthly,15,1,0,Internet+TV,0
CUST0571,Bandung,55+,6,10,38.56,Monthly,13,2,1,Internet Only,0
CUST0572,Surabaya,18-25,69,50,37.58,Monthly,11,3,1,Internet Only,1
CUST0573,Bandung,36-45,47,300,143.32,Monthly,13,3,1,Internet Only,1
CUST0574,Surabaya,46-55,25,50,52.92,6-Month,3,0,0,Internet+TV+Phone,0
CUST0575,Bandung,36-45,66,50,23.27,Annual,2,5,1,Internet+TV,0
CUST0576,Medan,18-25,10,20,21.76,Annual,5,2,0,Internet+TV,1
CUST0577,Bandung,26-35,56,300,116.7,Annual,0,1,1,Internet+TV,0
CUST0578,Bandung,26-35,30,10,23.11,Monthly,5,11,1,Internet Only,0
CUST0579,Bandung,55+,5,100,56.5,Monthly,1,4,0,Internet+TV+Phone,0
CUST0580,Medan,55+,33,150,74.34,Monthly,8,0,1,Internet+TV,0
CUST0581,Surabaya,55+,65,20,35.43,Monthly,1,4,0,Internet Only,0
CUST0582,Jakarta,46-55,18,100,66.95,6-Month,6,0,0,Internet+TV,0
CUST0583,Surabaya,26-35,49,10,31.24,Monthly,11,0,1,Internet+TV,0
CUST0584,Surabaya,46-55,11,50,33.01,Monthly,0,1,1,Internet+TV,0
CUST0585,Makassar,55+,26,150,66.24,Annual,11,15,1,Internet Only,0
CUST0586,Medan,26-35,63,150,72.52,6-Month,6,0,1,Internet+TV+Phone,0
CUST0587,Surabaya,26-35,59,100,58.41,Monthly,4,3,1,Internet+TV+Phone,0
CUST0588,Jakarta,36-45,27,100,53.53,Monthly,7,0,0,Internet Only,0
CUST0589,Medan,26-35,49,20,16.24,Monthly,3,3,0,Internet Only,1
CUST0590,Surabaya,18-25,33,10,28.96,Annual,14,2,1,Internet Only,0
CUST0591,Makassar,55+,1,20,23.86,Monthly,11,3,0,Internet+TV+Phone,1
CUST0592,Jakarta,55+,21,20,23.62,Monthly,14,0,1,Internet+TV,1
CUST0593,Jakarta,18-25,55,50,37.06,Monthly,9,4,0,Internet Only,0
CUST0594,Jakarta,26-35,6,50,35.58,6-Month,6,16,1,Internet Only,0
CUST0595,Surabaya,46-55,69,50,34.57,Monthly,5,3,1,Internet Only,0
CUST0596,Makassar,36-45,5,20,16.76,Annual,4,2,0,Internet+TV,0
CUST0597,Jakarta,26-35,3,100,54.1,Annual,3,7,0,Internet Only,0
CUST0598,Surabaya,46-55,53,150,78.12,Annual,14,0,1,Internet+TV+Phone,0
CUST0599,Surabaya,46-55,23,50,39.62,Monthly,6,3,0,Internet+TV,1
CUST0600,Surabaya,55+,53,200,97.58,Annual,11,6,0,Internet+TV,0
CUST0601,Bandung,26-35,37,200,84.17,6-Month,15,0,1,Internet Only,0
CUST0602,Medan,18-25,17,20,16.78,Monthly,4,1,0,Internet Only,0
CUST0603,Jakarta,55+,1,150,70.53,6-Month,4,0,1,Internet Only,1
CUST0604,Medan,18-25,51,100,50.09,Monthly,14,2,1,Internet Only,0
CUST0605,Jakarta,36-45,45,100,50.92,Monthly,0,3,0,Internet Only,0
CUST0606,Bandung,18-25,4,50,39.19,Annual,1,1,1,Internet+TV+Phone,1
CUST0607,Medan,26-35,62,100,50.98,Monthly,4,1,1,Internet Only,1
CUST0608,Jakarta,26-35,65,50,27.5,6-Month,12,0,0,Internet Only,0
CUST0609,Jakarta,18-25,32,100,50.53,Monthly,2,1,1,Internet Only,0
CUST0610,Surabaya,55+,34,100,57.72,Annual,13,0,0,Internet Only,0
CUST0611,Bandung,18-25,72,100,60.37,Annual,12,6,0,Internet+TV+Phone,1
CUST0612,Bandung,46-55,39,100,60.29,Annual,1,0,0,Internet Only,0
CUST0613,Jakarta,46-55,26,100,58.4,Monthly,13,6,0,Internet Only,0
CUST0614,Jakarta,26-35,34,20,25.66,Monthly,13,2,0,Internet+TV,0
CUST0615,Bandung,36-45,54,20,30.24,6-Month,3,1,1,Internet Only,0
CUST0616,Jakarta,26-35,3,150,72.16,Monthly,3,3,1,Internet Only,0
CUST0617,Makassar,46-55,50,50,38.4,Monthly,3,2,1,Internet Only,0
CUST0618,Jakarta,36-45,12,10,15.99,6-Month,3,2,1,Internet Only,0
CUST0619,Bandung,26-35,65,20,27.35,6-Month,2,0,1,Internet Only,0
CUST0620,Jakarta,26-35,54,20,30.03,Annual,12,1,1,Internet Only,0
CUST0621,Jakarta,36-45,5,300,127.73,Monthly,11,0,1,Internet+TV,0
CUST0622,Surabaya,46-55,57,100,44.7,Monthly,6,0,0,Internet Only,0
CUST0623,Surabaya,18-25,17,200,90.77,Monthly,8,1,1,Internet+TV,0
CUST0624,Jakarta,36-45,47,100,43.45,Annual,11,0,0,Internet+TV,0
CUST0625,Jakarta,26-35,23,50,38.89,Annual,4,0,0,Internet+TV,1
CUST0626,Jakarta,46-55,14,50,31.89,Annual,3,0,1,Internet Only,0
CUST0627,Medan,18-25,66,100,68.65,Annual,10,0,0,Internet Only,1
CUST0628,Surabaya,36-45,51,20,27.95,6-Month,1,0,0,Internet+TV,0
CUST0629,Jakarta,18-25,38,200,96.41,6-Month,1,26,1,Internet+TV,1
CUST0630,Bandung,36-45,64,150,89.39,Monthly,4,0,1,Internet+TV,0
CUST0631,Surabaya,46-55,38,50,30.96,6-Month,6,3,1,Internet Only,0
CUST0632,Medan,46-55,50,300,128.49,6-Month,9,0,1,Internet+TV+Phone,0
CUST0633,Makassar,46-55,30,150,63.01,6-Month,15,7,0,Internet Only,0
CUST0634,Jakarta,36-45,51,100,57.76,Annual,9,0,0,Internet Only,0
CUST0635,Jakarta,46-55,63,20,41.13,Annual,8,9,1,Internet Only,0
CUST0636,Jakarta,36-45,52,50,32.48,Annual,12,2,0,Internet Only,0
CUST0637,Medan,55+,38,100,47.91,Annual,6,0,1,Internet Only,0
CUST0638,Makassar,36-45,30,20,26.27,6-Month,4,6,0,Internet+TV,1
CUST0639,Bandung,36-45,51,10,39.87,Monthly,9,2,1,Internet+TV,0
CUST0640,Jakarta,26-35,5,150,78.67,Monthly,9,0,1,Internet+TV+Phone,0
CUST0641,Bandung,36-45,29,20,19.76,6-Month,9,4,1,Internet Only,0
CUST0642,Jakarta,18-25,4,100,66.64,Annual,5,7,1,Internet+TV,0
CUST0643,Jakarta,46-55,10,200,76.76,Monthly,10,1,1,Internet Only,0
CUST0644,Surabaya,36-45,56,200,107.09,Annual,11,1,0,Internet Only,0
CUST0645,Jakarta,55+,17,50,44.35,Monthly,15,4,0,Internet Only,0
CUST0646,Jakarta,18-25,17,150,86.61,Monthly,2,3,0,Internet Only,0
CUST0647,Surabaya,26-35,69,10,15.0,6-Month,4,6,1,Internet Only,0
CUST0648,Jakarta,46-55,34,10,24.86,Monthly,7,3,0,Internet Only,0
CUST0649,Jakarta,26-35,6,100,53.93,Monthly,0,0,1,Internet+TV,0
CUST0650,Jakarta,26-35,53,50,29.44,Monthly,11,8,0,Internet+TV+Phone,0
CUST0651,Medan,46-55,66,50,27.13,Annual,0,0,1,Internet Only,0
CUST0652,Medan,36-45,43,100,59.06,Monthly,6,0,1,Internet+TV+Phone,1
CUST0653,Jakarta,26-35,23,20,31.78,6-Month,13,2,0,Internet+TV,1
CUST0654,Bandung,46-55,55,20,37.4,6-Month,4,2,0,Internet+TV,0
CUST0655,Jakarta,18-25,16,50,33.47,Monthly,13,0,0,Internet+TV,0
CUST0656,Surabaya,46-55,8,150,71.37,Annual,4,4,1,Internet Only,0
CUST0657,Surabaya,18-25,4,100,43.94,Monthly,0,1,1,Internet+TV,1
CUST0658,Medan,36-45,4,50,49.83,Annual,8,1,0,Internet+TV,0
CUST0659,Bandung,18-25,56,50,38.06,6-Month,0,4,1,Internet+TV+Phone,1
CUST0660,Makassar,36-45,25,20,32.78,Annual,4,1,0,Internet+TV,0
CUST0661,Makassar,18-25,67,10,29.56,Monthly,9,0,1,Internet+TV,0
CUST0662,Medan,46-55,67,150,84.17,6-Month,8,0,1,Internet+TV,0
CUST0663,Surabaya,26-35,27,50,30.85,Monthly,13,9,1,Internet Only,0
CUST0664,Bandung,18-25,32,20,32.58,Monthly,14,0,0,Internet Only,1
CUST0665,Bandung,36-45,50,100,54.8,6-Month,3,1,1,Internet Only,0
CUST0666,Jakarta,36-45,61,100,71.85,Monthly,12,2,1,Internet Only,0
CUST0667,Jakarta,26-35,51,100,48.33,6-Month,7,2,0,Internet Only,0
CUST0668,Surabaya,18-25,19,20,36.37,Monthly,5,0,0,Internet+TV+Phone,1
CUST0669,Surabaya,26-35,21,20,29.8,Monthly,10,2,1,Internet+TV,1
CUST0670,Makassar,18-25,5,20,29.38,Annual,14,1,1,Internet+TV+Phone,1
CUST0671,Jakarta,18-25,42,20,27.43,Monthly,2,10,1,Internet+TV,1
CUST0672,Jakarta,26-35,61,100,65.77,6-Month,3,0,1,Internet+TV,0
CUST0673,Medan,36-45,22,150,74.61,6-Month,1,1,1,Internet+TV+Phone,0
CUST0674,Bandung,36-45,21,100,42.8,Annual,0,1,0,Internet+TV,0
CUST0675,Jakarta,18-25,70,150,82.26,Monthly,12,1,0,Internet+TV+Phone,0
CUST0676,Makassar,55+,1,50,45.79,6-Month,13,3,1,Internet Only,1
CUST0677,Medan,46-55,5,100,59.7,Annual,7,0,1,Internet Only,0
CUST0678,Bandung,26-35,12,50,28.47,Annual,0,0,1,Internet Only,1
CUST0679,Medan,18-25,46,100,47.22,6-Month,13,3,1,Internet+TV,0
CUST0680,Surabaya,55+,34,50,22.48,6-Month,12,2,1,Internet+TV,1
CUST0681,Medan,26-35,49,20,30.68,Annual,10,1,1,Internet Only,0
CUST0682,Medan,26-35,45,50,26.7,6-Month,0,0,1,Internet Only,0
CUST0683,Jakarta,36-45,27,300,111.25,Monthly,3,0,1,Internet+TV+Phone,1
CUST0684,Surabaya,46-55,26,20,37.2,Monthly,9,0,0,Internet+TV,0
CUST0685,Jakarta,18-25,47,20,33.15,Annual,11,0,1,Internet Only,1
CUST0686,Jakarta,46-55,56,50,34.83,Monthly,9,2,0,Internet+TV,0
CUST0687,Makassar,46-55,63,150,71.43,Annual,14,6,1,Internet+TV,0
CUST0688,Bandung,36-45,48,100,35.74,Monthly,5,1,1,Internet+TV+Phone,0
CUST0689,Surabaya,46-55,61,100,62.33,6-Month,8,1,1,Internet Only,0
CUST0690,Medan,18-25,26,20,21.46,Monthly,0,0,1,Internet Only,1
CUST0691,Makassar,36-45,36,100,57.64,Monthly,6,1,0,Internet Only,0
CUST0692,Medan,26-35,1,50,17.59,Annual,9,0,0,Internet Only,1
CUST0693,Bandung,26-35,8,150,80.32,Annual,10,7,1,Internet+TV+Phone,0
CUST0694,Jakarta,26-35,52,100,48.98,6-Month,4,3,1,Internet Only,0
CUST0695,Jakarta,26-35,47,20,15.99,6-Month,11,14,0,Internet+TV+Phone,1
CUST0696,Bandung,18-25,56,10,20.78,6-Month,14,6,1,Internet Only,0
CUST0697,Bandung,26-35,14,10,18.73,6-Month,15,1,1,Internet+TV+Phone,0
CUST0698,Surabaya,26-35,28,50,46.09,6-Month,7,2,1,Internet Only,0
CUST0699,Surabaya,36-45,2,50,34.14,Monthly,13,0,0,Internet+TV+Phone,1
CUST0700,Makassar,18-25,26,100,65.9,6-Month,6,1,1,Internet+TV+Phone,0
CUST0701,Surabaya,36-45,14,50,40.14,Annual,3,6,1,Internet+TV+Phone,0
CUST0702,Surabaya,26-35,59,50,44.65,Annual,3,0,1,Internet Only,1
CUST0703,Jakarta,18-25,56,20,26.98,Monthly,5,5,1,Internet Only,1
CUST0704,Jakarta,26-35,7,20,37.18,Annual,5,1,1,Internet+TV,0
CUST0705,Jakarta,26-35,3,150,63.27,6-Month,8,6,1,Internet Only,0
CUST0706,Medan,36-45,23,20,27.91,Monthly,11,8,0,Internet Only,0
CUST0707,Jakarta,26-35,18,100,51.83,Monthly,4,3,0,Internet Only,1
CUST0708,Surabaya,55+,38,150,83.67,Monthly,7,3,0,Internet+TV,0
CUST0709,Surabaya,55+,15,100,66.99,Monthly,4,1,0,Internet+TV,0
CUST0710,Jakarta,26-35,64,150,72.5,Monthly,1,5,1,Internet Only,1
CUST0711,Jakarta,46-55,28,50,27.17,Annual,14,9,1,Internet Only,1
CUST0712,Bandung,18-25,39,300,128.42,Annual,5,4,1,Internet Only,0
CUST0713,Bandung,36-45,57,20,15.0,6-Month,8,2,0,Internet+TV,0
CUST0714,Medan,46-55,17,20,40.01,Annual,12,2,1,Internet Only,0
CUST0715,Surabaya,26-35,44,100,51.21,Monthly,2,5,0,Internet Only,0
CUST0716,Surabaya,18-25,25,200,89.76,Monthly,15,2,0,Internet+TV+Phone,0
CUST0717,Medan,18-25,17,150,67.05,6-Month,0,4,0,Internet+TV+Phone,0
CUST0718,Surabaya,26-35,13,10,16.29,Monthly,0,2,1,Internet+TV+Phone,0
CUST0719,Makassar,36-45,25,50,43.4,Monthly,12,0,0,Internet+TV+Phone,0
CUST0720,Jakarta,26-35,68,200,88.73,Monthly,2,1,1,Internet Only,0
CUST0721,Surabaya,26-35,10,50,37.84,Monthly,9,1,0,Internet+TV,1
CUST0722,Bandung,26-35,67,150,64.47,Annual,4,0,1,Internet Only,0
CUST0723,Jakarta,46-55,18,150,79.35,Monthly,2,0,1,Internet+TV,0
CUST0724,Jakarta,18-25,34,50,45.16,6-Month,8,2,1,Internet Only,0
CUST0725,Surabaya,46-55,8,50,35.83,Monthly,7,0,1,Internet+TV,0
CUST0726,Jakarta,36-45,40,50,47.64,6-Month,2,1,1,Internet+TV,0
CUST0727,Jakarta,46-55,42,20,26.17,Monthly,8,4,1,Internet Only,0
CUST0728,Makassar,46-55,41,200,96.24,Annual,14,10,1,Internet+TV,0
CUST0729,Medan,26-35,6,50,24.52,Monthly,12,3,0,Internet Only,0
CUST0730,Surabaya,26-35,52,200,92.83,Monthly,5,14,0,Internet Only,1
CUST0731,Medan,36-45,26,20,24.83,6-Month,12,3,0,Internet Only,0
CUST0732,Makassar,55+,64,300,126.24,Monthly,6,1,1,Internet Only,0
CUST0733,Surabaya,36-45,59,50,38.39,Monthly,3,3,1,Internet Only,0
CUST0734,Jakarta,18-25,56,10,24.51,Monthly,3,3,1,Internet+TV+Phone,0
CUST0735,Medan,18-25,59,10,28.43,Annual,11,1,1,Internet Only,0
CUST0736,Surabaya,55+,70,100,50.48,Monthly,12,0,1,Internet Only,1
CUST0737,Bandung,18-25,33,100,59.55,6-Month,1,3,1,Internet Only,0
CUST0738,Bandung,18-25,53,150,82.36,Monthly,4,0,1,Internet+TV,0
CUST0739,Bandung,26-35,22,20,15.72,Monthly,7,2,0,Internet+TV,1
CUST0740,Makassar,55+,21,10,17.26,Monthly,6,0,1,Internet+TV,0
CUST0741,Jakarta,26-35,70,100,49.09,Annual,15,2,0,Internet+TV,0
CUST0742,Makassar,26-35,70,50,28.76,Monthly,6,2,1,Internet+TV+Phone,0
CUST0743,Makassar,36-45,4,50,33.7,Monthly,5,0,0,Internet+TV+Phone,1
CUST0744,Surabaya,18-25,62,300,133.26,Monthly,2,1,1,Internet+TV,0
CUST0745,Surabaya,46-55,62,300,136.58,Monthly,4,2,1,Internet Only,0
CUST0746,Bandung,36-45,24,200,90.85,Monthly,12,5,0,Internet+TV,1
CUST0747,Jakarta,26-35,55,150,69.91,6-Month,0,6,0,Internet+TV,0
CUST0748,Jakarta,46-55,9,50,43.92,Monthly,6,1,1,Internet+TV,0
CUST0749,Medan,55+,3,50,18.59,Monthly,8,3,1,Internet+TV,0
CUST0750,Bandung,26-35,31,100,46.56,Annual,0,1,1,Internet+TV,0
CUST0751,Jakarta,18-25,40,150,53.93,Monthly,12,1,1,Internet+TV,0
CUST0752,Jakarta,46-55,36,10,15.0,Monthly,1,0,0,Internet Only,1
CUST0753,Makassar,26-35,24,50,31.36,Monthly,2,2,1,Internet Only,0
CUST0754,Bandung,55+,6,10,35.32,6-Month,2,1,1,Internet Only,0
CUST0755,Makassar,55+,66,100,32.91,Monthly,7,0,1,Internet+TV+Phone,0
CUST0756,Jakarta,18-25,4,200,86.67,6-Month,6,3,0,Internet+TV,0
CUST0757,Bandung,55+,6,150,77.46,Monthly,5,3,1,Internet+TV,0
CUST0758,Jakarta,26-35,51,20,30.29,6-Month,14,1,1,Internet+TV,0
CUST0759,Bandung,36-45,62,300,136.69,Monthly,9,0,1,Internet+TV,1
CUST0760,Surabaya,18-25,57,100,56.29,6-Month,9,1,1,Internet+TV+Phone,0
CUST0761,Jakarta,46-55,66,10,26.49,Annual,10,1,1,Internet+TV,1
CUST0762,Surabaya,36-45,8,50,22.79,6-Month,3,3,1,Internet+TV,0
CUST0763,Surabaya,36-45,26,50,29.59,Monthly,8,1,0,Internet+TV,0
CUST0764,Surabaya,46-55,51,10,15.0,Monthly,0,3,1,Internet Only,0
CUST0765,Medan,36-45,45,300,129.58,Monthly,10,6,1,Internet+TV,0
CUST0766,Jakarta,26-35,44,50,40.29,Monthly,14,0,0,Internet Only,1
CUST0767,Surabaya,46-55,5,200,92.51,Monthly,1,11,0,Internet Only,1
CUST0768,Makassar,46-55,70,50,30.45,Annual,14,1,1,Internet+TV,1
CUST0769,Medan,55+,26,20,19.22,Monthly,13,0,0,Internet+TV,1
CUST0770,Makassar,55+,68,50,39.18,Monthly,3,1,1,Internet+TV+Phone,1
CUST0771,Bandung,26-35,19,20,21.64,6-Month,2,0,1,Internet Only,0
CUST0772,Medan,26-35,20,50,29.34,6-Month,0,0,0,Internet Only,0
CUST0773,Surabaya,26-35,12,200,85.93,Monthly,4,1,0,Internet Only,0
CUST0774,Jakarta,36-45,47,100,49.71,Annual,6,4,1,Internet Only,0
CUST0775,Medan,26-35,1,100,48.07,Monthly,1,6,1,Internet Only,1
CUST0776,Surabaya,46-55,14,20,17.19,Annual,4,3,0,Internet Only,0
CUST0777,Jakarta,18-25,64,10,27.09,Annual,5,0,1,Internet Only,0
CUST0778,Jakarta,18-25,38,20,39.45,Annual,10,3,1,Internet Only,0
CUST0779,Medan,26-35,37,100,54.69,6-Month,6,3,1,Internet Only,0
CUST0780,Jakarta,18-25,11,10,25.28,Monthly,0,4,1,Internet+TV,0
CUST0781,Jakarta,36-45,3,50,41.79,Monthly,6,5,1,Internet Only,1
CUST0782,Bandung,18-25,33,100,57.93,6-Month,3,6,1,Internet+TV,0
CUST0783,Jakarta,18-25,6,50,30.72,Monthly,7,1,0,Internet+TV,1
CUST0784,Makassar,18-25,50,20,40.76,Annual,12,3,1,Internet Only,1
CUST0785,Bandung,46-55,10,50,31.44,Monthly,3,0,1,Internet+TV+Phone,1
CUST0786,Surabaya,46-55,5,200,95.18,Monthly,5,21,0,Internet+TV,0
CUST0787,Makassar,18-25,23,100,59.24,Monthly,8,0,1,Internet+TV,0
CUST0788,Bandung,46-55,10,50,21.83,Monthly,4,0,1,Internet Only,1
CUST0789,Bandung,26-35,44,10,20.63,6-Month,13,0,1,Internet+TV,0
CUST0790,Medan,26-35,2,300,125.45,Annual,11,4,1,Internet+TV,0
CUST0791,Bandung,36-45,13,100,56.07,6-Month,3,1,0,Internet Only,0
CUST0792,Jakarta,18-25,40,50,39.91,Annual,7,1,1,Internet Only,0
CUST0793,Surabaya,46-55,2,200,96.06,Annual,12,9,1,Internet Only,0
CUST0794,Medan,18-25,65,50,37.44,Annual,8,7,0,Internet+TV,0
CUST0795,Medan,55+,63,100,57.84,Monthly,3,1,1,Internet Only,0
CUST0796,Makassar,18-25,17,100,54.64,Annual,2,0,1,Internet+TV,0
CUST0797,Medan,36-45,9,20,18.86,Monthly,7,5,0,Internet Only,0
CUST0798,Medan,46-55,15,300,125.26,Monthly,13,7,1,Internet+TV,1
CUST0799,Medan,18-25,24,100,60.99,6-Month,4,2,0,Internet Only,0
CUST0800,Jakarta,36-45,38,100,63.87,Monthly,1,2,0,Internet Only,1
CUST0801,Bandung,26-35,35,20,31.3,Monthly,9,0,0,Internet+TV,0
CUST0802,Surabaya,36-45,49,10,34.17,Monthly,8,4,0,Internet Only,1
CUST0803,Surabaya,26-35,69,50,40.85,Monthly,2,3,1,Internet Only,0
CUST0804,Jakarta,18-25,62,150,79.41,Annual,11,2,0,Internet Only,0
CUST0805,Jakarta,36-45,60,50,45.0,Monthly,1,0,1,Internet+TV,0
CUST0806,Jakarta,26-35,50,100,53.21,Monthly,0,7,0,Internet+TV+Phone,0
CUST0807,Surabaya,36-45,9,100,60.81,Monthly,13,2,1,Internet+TV,0
CUST0808,Medan,26-35,34,20,19.47,Monthly,7,0,1,Internet Only,0
CUST0809,Makassar,26-35,35,100,57.8,Annual,10,2,1,Internet Only,0
CUST0810,Medan,36-45,1,10,28.12,Monthly,2,3,0,Internet+TV,1
CUST0811,Medan,36-45,40,300,133.41,6-Month,6,2,1,Internet+TV,0
CUST0812,Bandung,26-35,64,50,44.07,6-Month,0,3,0,Internet Only,0
CUST0813,Bandung,26-35,22,20,35.51,Annual,0,2,1,Internet Only,0
CUST0814,Bandung,26-35,60,50,36.7,6-Month,14,8,1,Internet Only,0
CUST0815,Surabaya,18-25,64,50,34.74,Annual,15,0,1,Internet+TV,0
CUST0816,Jakarta,26-35,72,150,70.3,Monthly,11,0,1,Internet Only,1
CUST0817,Surabaya,26-35,11,100,57.13,Monthly,8,0,0,Internet+TV,0
CUST0818,Surabaya,36-45,14,100,40.53,Monthly,14,3,1,Internet Only,1
CUST0819,Bandung,36-45,60,20,37.65,Annual,11,3,1,Internet Only,0
CUST0820,Makassar,26-35,30,20,27.35,Monthly,7,6,1,Internet Only,0
CUST0821,Surabaya,26-35,35,10,20.18,Monthly,11,3,1,Internet Only,0
CUST0822,Jakarta,26-35,37,100,34.76,Monthly,12,2,0,Internet Only,1
CUST0823,Bandung,36-45,5,200,89.71,Monthly,2,14,0,Internet Only,0
CUST0824,Surabaya,55+,26,50,35.91,Monthly,5,0,1,Internet Only,0
CUST0825,Jakarta,36-45,62,20,19.82,Annual,10,5,1,Internet Only,0
CUST0826,Jakarta,46-55,4,100,49.62,Monthly,2,1,1,Internet Only,0
CUST0827,Surabaya,46-55,42,150,72.29,6-Month,12,3,1,Internet+TV+Phone,0
CUST0828,Makassar,26-35,18,100,50.29,Annual,11,3,0,Internet+TV,1
CUST0829,Bandung,18-25,40,200,94.58,Monthly,3,3,1,Internet+TV,0
CUST0830,Makassar,36-45,72,50,31.51,Monthly,0,0,1,Internet Only,1
CUST0831,Medan,26-35,39,20,28.24,Monthly,4,1,1,Internet Only,0
CUST0832,Jakarta,36-45,14,200,99.44,Monthly,0,2,1,Internet Only,0
CUST0833,Surabaya,46-55,32,100,54.71,6-Month,12,5,0,Internet+TV,0
CUST0834,Bandung,46-55,51,50,40.35,Monthly,0,1,0,Internet Only,1
CUST0835,Jakarta,26-35,38,100,57.34,Monthly,9,7,1,Internet Only,1
CUST0836,Surabaya,36-45,23,150,72.56,6-Month,14,1,0,Internet+TV,0
CUST0837,Surabaya,36-45,63,100,54.46,Annual,10,2,0,Internet Only,0
CUST0838,Jakarta,46-55,15,100,50.43,Annual,10,4,1,Internet Only,0
CUST0839,Makassar,46-55,25,50,38.71,Annual,15,2,0,Internet Only,0
CUST0840,Medan,55+,17,100,52.73,Annual,13,9,1,Internet+TV,0
CUST0841,Makassar,18-25,66,100,67.37,Monthly,6,3,1,Internet+TV,0
CUST0842,Jakarta,26-35,53,150,78.99,Annual,11,2,1,Internet Only,0
CUST0843,Makassar,26-35,51,150,60.88,Monthly,5,0,1,Internet Only,0
CUST0844,Bandung,18-25,39,150,61.32,6-Month,1,1,1,Internet+TV,0
CUST0845,Jakarta,55+,51,10,22.46,6-Month,15,1,1,Internet Only,1
CUST0846,Medan,55+,70,100,51.84,Monthly,13,4,1,Internet+TV,1
CUST0847,Surabaya,26-35,6,150,71.03,Annual,15,0,0,Internet+TV,0
CUST0848,Surabaya,18-25,67,100,60.21,Annual,10,0,1,Internet Only,0
CUST0849,Bandung,26-35,7,150,75.03,Monthly,11,0,1,Internet Only,0
CUST0850,Jakarta,46-55,51,150,74.95,Annual,1,0,1,Internet+TV,0
CUST0851,Surabaya,26-35,72,50,49.07,Monthly,10,1,0,Internet Only,1
CUST0852,Bandung,18-25,42,100,43.89,6-Month,6,6,1,Internet Only,1
CUST0853,Surabaya,18-25,64,20,27.83,6-Month,0,4,0,Internet+TV,0
CUST0854,Bandung,26-35,15,50,32.87,6-Month,12,3,1,Internet Only,0
CUST0855,Makassar,55+,29,100,66.48,Annual,1,4,1,Internet Only,0
CUST0856,Surabaya,26-35,33,150,54.83,Annual,11,0,0,Internet Only,0
CUST0857,Surabaya,26-35,27,20,15.0,Annual,7,6,1,Internet+TV,0
CUST0858,Makassar,18-25,36,20,29.44,Monthly,5,0,0,Internet Only,0
CUST0859,Surabaya,36-45,29,100,64.01,Annual,14,1,1,Internet+TV+Phone,0
CUST0860,Jakarta,36-45,38,10,29.69,Monthly,13,2,0,Internet+TV,1
CUST0861,Jakarta,26-35,57,20,20.59,Annual,1,0,1,Internet Only,0
CUST0862,Surabaya,26-35,27,10,35.55,Monthly,6,3,0,Internet Only,0
CUST0863,Jakarta,46-55,55,20,17.15,Monthly,3,1,0,Internet Only,0
CUST0864,Surabaya,18-25,33,20,37.46,6-Month,1,4,1,Internet+TV,0
CUST0865,Jakarta,36-45,68,50,28.71,Monthly,11,2,0,Internet+TV,0
CUST0866,Jakarta,26-35,66,50,34.69,Monthly,5,0,1,Internet+TV,0
CUST0867,Bandung,26-35,10,200,95.11,Monthly,10,3,0,Internet Only,1
CUST0868,Makassar,36-45,5,100,43.27,Monthly,14,0,1,Internet+TV,1
CUST0869,Surabaya,46-55,38,100,66.75,Monthly,8,2,1,Internet Only,0
CUST0870,Makassar,36-45,13,20,24.14,Monthly,10,0,1,Internet+TV,1
CUST0871,Makassar,18-25,31,20,28.1,Monthly,8,2,1,Internet+TV,0
CUST0872,Jakarta,26-35,47,100,64.3,Monthly,13,3,1,Internet Only,0
CUST0873,Jakarta,26-35,52,10,17.15,6-Month,7,1,0,Internet Only,0
CUST0874,Medan,36-45,56,50,45.99,Monthly,14,9,0,Internet+TV,0
CUST0875,Medan,36-45,15,100,68.12,Annual,2,6,1,Internet+TV,0
CUST0876,Bandung,18-25,29,100,49.76,Annual,2,3,1,Internet Only,0
CUST0877,Makassar,36-45,8,10,34.46,Monthly,1,3,1,Internet Only,1
CUST0878,Jakarta,36-45,5,50,23.42,Annual,4,0,0,Internet+TV,0
CUST0879,Jakarta,26-35,29,100,58.12,Annual,13,3,0,Internet Only,1
CUST0880,Surabaya,36-45,47,20,17.17,Annual,11,0,0,Internet Only,0
CUST0881,Bandung,26-35,68,100,62.54,6-Month,13,0,1,Internet Only,0
CUST0882,Jakarta,26-35,45,100,61.88,Monthly,3,22,1,Internet Only,0
CUST0883,Bandung,55+,2,300,141.62,6-Month,6,2,0,Internet+TV,0
CUST0884,Jakarta,26-35,27,20,38.37,6-Month,3,1,1,Internet+TV+Phone,1
CUST0885,Surabaya,26-35,36,150,71.17,6-Month,15,1,1,Internet+TV,0
CUST0886,Medan,36-45,36,100,46.35,Monthly,8,2,1,Internet Only,0
CUST0887,Medan,55+,26,50,42.03,Annual,11,0,0,Internet+TV,0
CUST0888,Surabaya,55+,43,20,26.51,Annual,11,0,1,Internet Only,0
CUST0889,Bandung,36-45,27,100,67.41,Monthly,1,0,1,Internet Only,0
CUST0890,Bandung,18-25,69,20,15.0,Monthly,10,2,1,Internet+TV+Phone,0
CUST0891,Jakarta,46-55,20,50,55.0,Monthly,13,2,1,Internet Only,0
CUST0892,Jakarta,36-45,11,10,27.76,Annual,5,0,0,Internet+TV+Phone,0
CUST0893,Jakarta,26-35,38,150,66.0,6-Month,14,3,0,Internet Only,1
CUST0894,Medan,46-55,6,150,78.37,6-Month,6,0,1,Internet+TV,0
CUST0895,Makassar,26-35,72,100,65.38,Monthly,15,3,0,Internet Only,0
CUST0896,Bandung,18-25,23,50,38.41,6-Month,3,12,1,Internet Only,0
CUST0897,Surabaya,46-55,47,20,15.0,Monthly,12,3,1,Internet Only,0
CUST0898,Jakarta,36-45,46,100,52.65,6-Month,5,6,1,Internet+TV,0
CUST0899,Surabaya,26-35,12,50,45.82,Annual,6,8,0,Internet+TV,0
CUST0900,Surabaya,26-35,13,20,30.97,Annual,3,2,0,Internet+TV,0
CUST0901,Bandung,36-45,62,100,53.75,Annual,14,3,1,Internet+TV,0
CUST0902,Jakarta,26-35,60,300,135.47,Annual,7,5,0,Internet+TV,0
CUST0903,Medan,26-35,43,100,60.91,Monthly,8,1,1,Internet Only,0
CUST0904,Surabaya,36-45,68,100,61.53,6-Month,0,0,1,Internet Only,0
CUST0905,Medan,46-55,5,300,121.71,Annual,6,8,1,Internet+TV,0
CUST0906,Medan,36-45,37,20,22.94,Annual,8,3,1,Internet+TV,0
CUST0907,Makassar,46-55,72,100,41.4,Monthly,14,0,0,Internet+TV,1
CUST0908,Jakarta,46-55,31,300,122.92,Monthly,11,1,0,Internet Only,1
CUST0909,Jakarta,36-45,9,20,34.48,Monthly,9,4,1,Internet Only,0
CUST0910,Jakarta,26-35,51,100,53.37,6-Month,4,2,1,Internet+TV+Phone,0
CUST0911,Jakarta,46-55,29,100,58.56,Monthly,11,3,1,Internet+TV,0
CUST0912,Bandung,26-35,40,100,63.89,Monthly,1,4,1,Internet Only,0
CUST0913,Surabaya,18-25,41,100,57.98,Monthly,9,2,1,Internet+TV,0
CUST0914,Surabaya,26-35,11,200,93.76,Monthly,5,2,0,Internet+TV+Phone,1
CUST0915,Jakarta,46-55,23,150,61.64,Annual,11,4,0,Internet Only,0
CUST0916,Makassar,18-25,1,10,20.92,Monthly,11,3,1,Internet+TV,0
CUST0917,Jakarta,18-25,46,150,86.31,6-Month,6,2,0,Internet+TV+Phone,0
CUST0918,Jakarta,36-45,21,20,27.83,6-Month,1,1,1,Internet+TV+Phone,0
CUST0919,Surabaya,46-55,36,50,52.67,Annual,1,1,1,Internet+TV+Phone,1
CUST0920,Medan,36-45,54,50,31.72,Monthly,9,10,1,Internet+TV,0
CUST0921,Bandung,26-35,57,50,39.37,Annual,14,0,1,Internet Only,1
CUST0922,Jakarta,18-25,1,50,34.44,6-Month,13,0,0,Internet Only,0
CUST0923,Surabaya,36-45,63,200,94.74,Annual,11,2,0,Internet Only,0
CUST0924,Jakarta,18-25,54,100,62.16,Annual,9,5,1,Internet Only,0
CUST0925,Jakarta,36-45,55,100,59.82,Monthly,0,0,1,Internet Only,0
CUST0926,Surabaya,26-35,40,10,31.83,Monthly,3,0,1,Internet Only,0
CUST0927,Jakarta,46-55,15,200,89.89,Monthly,6,0,1,Internet Only,0
CUST0928,Jakarta,26-35,21,200,88.48,6-Month,13,3,0,Internet Only,0
CUST0929,Bandung,26-35,47,150,58.43,Monthly,8,0,1,Internet+TV,1
CUST0930,Makassar,46-55,53,10,28.61,Monthly,14,1,1,Internet Only,0
CUST0931,Makassar,26-35,9,10,24.88,6-Month,2,1,0,Internet+TV,0
CUST0932,Bandung,26-35,52,20,26.46,Monthly,11,6,1,Internet+TV,1
CUST0933,Jakarta,46-55,57,20,25.47,Monthly,10,1,1,Internet Only,0
CUST0934,Jakarta,26-35,26,50,37.2,Monthly,6,0,1,Internet+TV+Phone,0
CUST0935,Jakarta,26-35,41,200,88.11,Monthly,6,2,0,Internet+TV,0
CUST0936,Bandung,26-35,35,50,33.28,Monthly,6,9,1,Internet Only,0
CUST0937,Surabaya,18-25,63,10,25.42,6-Month,1,2,0,Internet Only,0
CUST0938,Bandung,18-25,25,50,41.37,6-Month,5,12,0,Internet Only,0
CUST0939,Bandung,36-45,38,10,17.34,Annual,1,5,1,Internet Only,0
CUST0940,Jakarta,36-45,2,10,20.29,6-Month,5,0,1,Internet Only,0
CUST0941,Bandung,26-35,7,50,35.86,6-Month,12,3,1,Internet+TV,0
CUST0942,Jakarta,26-35,34,50,37.54,Monthly,9,1,0,Internet+TV+Phone,1
CUST0943,Bandung,55+,17,150,71.47,Annual,2,2,0,Internet+TV,0
CUST0944,Surabaya,55+,43,300,130.28,Annual,13,0,1,Internet Only,0
CUST0945,Surabaya,26-35,59,50,24.28,Annual,1,1,0,Internet Only,1
CUST0946,Bandung,46-55,51,50,25.7,6-Month,11,7,0,Internet Only,0
CUST0947,Surabaya,46-55,54,150,74.05,Monthly,14,0,0,Internet Only,0
CUST0948,Jakarta,26-35,24,50,32.68,Monthly,13,6,1,Internet Only,1
CUST0949,Jakarta,18-25,25,20,34.07,Monthly,5,0,0,Internet+TV,1
CUST0950,Surabaya,18-25,71,150,81.86,Annual,1,0,1,Internet Only,0
CUST0951,Jakarta,46-55,52,10,25.37,6-Month,4,5,0,Internet+TV,0
CUST0952,Surabaya,46-55,70,100,46.42,Annual,1,2,0,Internet Only,0
CUST0953,Surabaya,36-45,33,100,63.44,Monthly,15,4,1,Internet+TV+Phone,1
CUST0954,Makassar,18-25,49,50,39.09,Annual,2,0,0,Internet+TV,0
CUST0955,Makassar,36-45,29,50,25.6,Monthly,2,2,1,Internet+TV,0
CUST0956,Jakarta,46-55,63,150,61.31,Monthly,5,4,0,Internet Only,0
CUST0957,Makassar,46-55,22,10,35.64,Monthly,5,2,1,Internet+TV+Phone,0
CUST0958,Surabaya,18-25,26,20,37.81,6-Month,9,1,0,Internet+TV,0
CUST0959,Surabaya,36-45,28,100,34.86,6-Month,2,9,0,Internet+TV,0
CUST0960,Jakarta,18-25,49,100,44.14,Annual,2,3,1,Internet+TV,0
CUST0961,Medan,36-45,71,20,36.13,Monthly,12,7,1,Internet+TV,0
CUST0962,Jakarta,36-45,49,200,89.85,6-Month,11,3,0,Internet Only,0
CUST0963,Medan,18-25,20,50,43.11,6-Month,12,3,1,Internet+TV,0
CUST0964,Jakarta,46-55,63,150,72.0,Monthly,15,0,1,Internet+TV,0
CUST0965,Surabaya,18-25,61,150,77.74,Annual,0,1,1,Internet Only,0
CUST0966,Bandung,46-55,49,100,55.05,Annual,6,5,1,Internet Only,0
CUST0967,Jakarta,26-35,71,50,34.0,Annual,12,0,0,Internet Only,0
CUST0968,Jakarta,36-45,1,300,133.47,Annual,7,0,1,Internet+TV,0
CUST0969,Bandung,55+,13,20,28.62,Annual,1,1,0,Internet Only,0
CUST0970,Jakarta,26-35,51,100,60.22,Monthly,3,0,0,Internet Only,0
CUST0971,Bandung,36-45,56,20,28.26,Annual,9,7,1,Internet Only,0
CUST0972,Surabaya,26-35,62,50,33.61,Monthly,6,6,1,Internet+TV,1
CUST0973,Medan,18-25,32,50,50.37,Monthly,7,2,1,Internet Only,0
CUST0974,Surabaya,36-45,30,200,92.84,Monthly,0,0,1,Internet+TV,0
CUST0975,Jakarta,46-55,29,300,122.16,Annual,3,3,1,Internet Only,1
CUST0976,Jakarta,55+,49,20,37.23,Annual,5,2,0,Internet+TV,0
CUST0977,Jakarta,46-55,45,10,15.0,Monthly,2,10,1,Internet+TV+Phone,0
CUST0978,Makassar,36-45,30,100,72.89,Annual,4,2,0,Internet Only,0
CUST0979,Medan,36-45,16,50,36.07,Annual,15,1,1,Internet Only,0
CUST0980,Bandung,46-55,40,10,15.0,Monthly,9,2,1,Internet+TV,1
CUST0981,Jakarta,36-45,19,100,70.25,Monthly,8,11,0,Internet Only,0
CUST0982,Medan,18-25,18,100,51.29,Annual,10,3,1,Internet Only,0
CUST0983,Medan,26-35,1,300,126.95,Monthly,12,3,0,Internet+TV,1
CUST0984,Medan,46-55,47,20,32.74,6-Month,2,0,0,Internet+TV+Phone,0
CUST0985,Medan,36-45,66,50,46.97,Monthly,4,4,1,Internet+TV,1
CUST0986,Bandung,36-45,38,100,57.4,6-Month,7,4,0,Internet Only,0
CUST0987,Jakarta,26-35,51,150,67.32,Annual,5,1,1,Internet Only,0
CUST0988,Bandung,55+,63,100,56.75,6-Month,3,1,1,Internet Only,0
CUST0989,Bandung,26-35,4,100,51.65,Annual,7,1,1,Internet+TV,1
CUST0990,Bandung,36-45,1,20,28.99,Annual,10,0,1,Internet+TV,0
CUST0991,Bandung,18-25,8,150,85.53,Annual,2,0,1,Internet+TV+Phone,0
CUST0992,Jakarta,18-25,29,50,43.55,6-Month,2,1,1,Internet Only,0
CUST0993,Bandung,46-55,55,20,28.65,Monthly,3,2,1,Internet+TV,0
CUST0994,Bandung,55+,3,100,60.91,6-Month,8,0,1,Internet Only,0
CUST0995,Jakarta,26-35,32,20,33.48,Monthly,4,0,1,Internet Only,0
CUST0996,Bandung,18-25,10,10,15.0,Annual,7,6,0,Internet+TV,0
CUST0997,Medan,26-35,34,150,72.83,Monthly,15,2,0,Internet Only,0
CUST0998,Medan,18-25,55,50,58.0,6-Month,5,2,1,Internet+TV,0
CUST0999,Bandung,26-35,32,100,64.7,Monthly,2,1,1,Internet+TV,0
CUST1000,Bandung,46-55,50,50,33.47,Annual,14,3,1,Internet+TV+Phone,0
CUST1001,Jakarta,55+,7,150,67.67,Annual,7,0,1,Internet+TV,0
CUST1002,Surabaya,18-25,8,20,21.91,Monthly,11,5,1,Internet+TV,0
CUST1003,Bandung,36-45,65,50,44.43,Annual,8,0,1,Internet+TV,0
CUST1004,Bandung,26-35,57,300,137.86,Monthly,7,3,1,Internet Only,0
CUST1005,Medan,18-25,67,150,77.16,6-Month,12,1,1,Internet Only,1
CUST1006,Bandung,26-35,59,50,38.76,Annual,3,4,0,Internet+TV,0
CUST1007,Jakarta,36-45,72,50,33.95,Monthly,13,2,1,Internet+TV,0
CUST1008,Jakarta,18-25,54,200,92.63,Annual,13,1,1,Internet+TV,0
CUST1009,Bandung,26-35,67,100,48.44,Monthly,12,0,0,Internet Only,1
CUST1010,Bandung,18-25,51,150,57.01,Monthly,10,3,1,Internet Only,0
CUST1011,Medan,26-35,8,150,85.59,Annual,5,11,0,Internet Only,1
CUST1012,Bandung,26-35,34,10,15.45,Monthly,0,5,1,Internet+TV,0
CUST1013,Surabaya,46-55,35,20,24.4,Annual,3,0,1,Internet+TV,1
CUST1014,Bandung,36-45,32,100,60.25,Annual,7,1,1,Internet+TV,0
CUST1015,Bandung,46-55,46,20,38.48,Monthly,0,7,1,Internet Only,1
CUST1016,Bandung,26-35,16,50,39.56,6-Month,2,2,1,Internet Only,0
CUST1017,Bandung,26-35,68,200,80.45,Monthly,0,3,1,Internet+TV,1
CUST1018,Bandung,26-35,37,100,52.59,Monthly,8,7,0,Internet+TV,0
CUST1019,Jakarta,18-25,54,150,67.07,Monthly,1,6,1,Internet Only,0
CUST1020,Medan,36-45,14,100,54.69,Monthly,8,2,0,Internet+TV,0
CUST1021,Jakarta,26-35,55,100,64.86,Monthly,12,1,0,Internet Only,1
CUST1022,Jakarta,26-35,48,10,15.0,Monthly,3,1,0,Internet+TV,0
CUST1023,Jakarta,36-45,7,50,34.21,Annual,1,3,1,Internet+TV,0
CUST1024,Jakarta,26-35,7,50,33.63,Annual,3,1,1,Internet+TV,0
CUST1025,Bandung,55+,33,50,27.45,Annual,11,0,1,Internet+TV,0
CUST1026,Jakarta,26-35,23,150,77.18,6-Month,10,1,0,Internet Only,0
CUST1027,Jakarta,36-45,19,50,26.18,Annual,10,0,0,Internet+TV,0
CUST1028,Bandung,26-35,19,50,27.1,Monthly,9,3,1,Internet+TV,0
CUST1029,Surabaya,55+,36,50,44.31,Annual,5,2,1,Internet+TV,1
CUST1030,Jakarta,26-35,29,10,35.5,Annual,14,1,1,Internet+TV,0
CUST1031,Bandung,36-45,60,50,36.89,Monthly,10,1,0,Internet Only,0
CUST1032,Surabaya,18-25,2,20,17.26,6-Month,6,7,0,Internet+TV+Phone,1
CUST1033,Makassar,46-55,1,20,21.36,Annual,2,0,1,Internet+TV,0
CUST1034,Surabaya,26-35,47,10,31.56,Annual,2,4,1,Internet Only,0
CUST1035,Jakarta,26-35,69,50,38.43,Annual,11,6,0,Internet+TV,0
CUST1036,Surabaya,46-55,20,150,71.69,Monthly,9,1,0,Internet Only,0
CUST1037,Surabaya,55+,11,50,40.0,Monthly,11,2,1,Internet Only,0
CUST1038,Jakarta,26-35,2,50,37.2,Monthly,7,8,1,Internet Only,0
CUST1039,Medan,46-55,67,100,67.37,Annual,4,0,1,Internet+TV,0
CUST1040,Bandung,18-25,12,20,21.01,Monthly,3,2,0,Internet+TV+Phone,1
CUST1041,Makassar,46-55,20,200,83.09,Annual,6,1,0,Internet+TV,0
CUST1042,Surabaya,36-45,5,100,43.93,Monthly,6,0,1,Internet+TV,0
CUST1043,Surabaya,36-45,37,50,33.18,Monthly,12,5,0,Internet Only,0
CUST1044,Surabaya,46-55,38,100,46.26,6-Month,8,6,1,Internet Only,0
CUST1045,Bandung,46-55,9,20,28.74,Annual,8,4,1,Internet Only,0
CUST1046,Bandung,26-35,53,100,55.17,Monthly,4,0,0,Internet+TV,1
CUST1047,Medan,46-55,44,50,28.87,Monthly,12,0,1,Internet+TV+Phone,1
CUST1048,Surabaya,18-25,24,200,94.71,6-Month,11,2,1,Internet Only,1
CUST1049,Medan,46-55,30,20,39.13,Monthly,12,0,1,Internet+TV,0
CUST1050,Medan,36-45,59,100,57.86,Monthly,7,3,1,Internet+TV+Phone,0
CUST1051,Makassar,18-25,14,100,34.65,Annual,9,2,0,Internet Only,0
CUST1052,Surabaya,36-45,9,10,39.4,6-Month,0,3,1,Internet+TV,0
CUST1053,Bandung,36-45,40,50,43.48,Monthly,8,2,1,Internet+TV,0
CUST1054,Jakarta,36-45,66,100,70.65,Annual,7,1,1,Internet+TV,0
CUST1055,Surabaya,26-35,25,150,81.23,Annual,5,0,0,Internet Only,0
CUST1056,Jakarta,26-35,22,50,47.82,6-Month,15,1,1,Internet+TV,0
CUST1057,Jakarta,46-55,4,150,74.14,6-Month,15,2,1,Internet+TV,0
CUST1058,Jakarta,26-35,26,300,122.9,Annual,12,3,1,Internet Only,0
CUST1059,Medan,26-35,58,150,75.49,Annual,2,4,1,Internet+TV,0
CUST1060,Medan,36-45,29,20,21.33,Annual,2,4,1,Internet Only,0
CUST1061,Surabaya,18-25,37,100,58.47,Monthly,7,10,1,Internet+TV+Phone,1
CUST1062,Bandung,36-45,70,50,16.49,6-Month,4,1,1,Internet+TV,1
CUST1063,Surabaya,36-45,18,300,125.34,Annual,9,0,0,Internet+TV,0
CUST1064,Surabaya,36-45,42,50,48.26,Monthly,10,1,1,Internet Only,0
CUST1065,Bandung,26-35,41,20,27.75,Monthly,13,4,0,Internet Only,1
CUST1066,Bandung,26-35,38,100,68.82,Annual,6,1,1,Internet Only,0
CUST1067,Bandung,26-35,34,50,35.39,6-Month,4,5,0,Internet Only,0
CUST1068,Surabaya,46-55,17,300,133.02,Monthly,7,2,1,Internet Only,0
CUST1069,Surabaya,18-25,37,300,117.97,6-Month,9,7,0,Internet+TV,0
CUST1070,Bandung,55+,25,100,62.7,Monthly,9,8,1,Internet Only,1
CUST1071,Makassar,36-45,27,20,28.86,Monthly,3,0,1,Internet+TV,1
CUST1072,Jakarta,46-55,57,100,53.24,Annual,1,1,0,Internet Only,0
CUST1073,Jakarta,26-35,31,10,15.0,Monthly,2,2,1,Internet+TV,0
CUST1074,Bandung,26-35,6,10,21.46,Monthly,7,0,1,Internet+TV,0
CUST1075,Jakarta,46-55,40,150,74.21,Annual,14,1,1,Internet+TV,0
CUST1076,Bandung,18-25,12,20,33.63,Monthly,10,3,1,Internet+TV+Phone,0
CUST1077,Jakarta,18-25,53,50,49.99,Monthly,12,0,0,Internet Only,0
CUST1078,Bandung,26-35,71,300,141.28,Annual,6,2,1,Internet Only,0
CUST1079,Jakarta,55+,10,50,47.47,Annual,12,3,0,Internet Only,1
CUST1080,Surabaya,36-45,45,50,33.0,6-Month,1,0,1,Internet Only,1
CUST1081,Bandung,36-45,17,200,87.56,Annual,5,2,1,Internet+TV,0
CUST1082,Jakarta,36-45,26,20,32.91,Monthly,8,0,0,Internet Only,0
CUST1083,Medan,26-35,62,150,76.66,Annual,14,3,1,Internet+TV,1
CUST1084,Jakarta,46-55,46,300,138.03,6-Month,15,0,0,Internet Only,0
CUST1085,Medan,26-35,64,200,109.84,Annual,3,6,1,Internet+TV+Phone,0
CUST1086,Makassar,46-55,2,100,73.14,6-Month,8,1,0,Internet+TV+Phone,0
CUST1087,Jakarta,26-35,54,50,49.45,6-Month,1,0,1,Internet Only,1
CUST1088,Makassar,26-35,65,50,41.72,6-Month,1,1,0,Internet Only,1
CUST1089,Medan,36-45,51,150,83.29,6-Month,15,1,1,Internet+TV,1
CUST1090,Makassar,26-35,53,200,103.29,Annual,8,1,1,Internet+TV+Phone,0
CUST1091,Surabaya,36-45,36,100,53.82,6-Month,11,2,0,Internet Only,0
CUST1092,Jakarta,26-35,26,20,22.74,6-Month,6,2,1,Internet Only,0
CUST1093,Medan,26-35,29,20,20.86,6-Month,6,0,1,Internet+TV+Phone,0
CUST1094,Jakarta,26-35,21,10,16.49,6-Month,0,0,1,Internet+TV,0
CUST1095,Jakarta,36-45,11,100,43.94,Annual,12,3,1,Internet Only,0
CUST1096,Jakarta,18-25,40,50,39.5,Annual,10,2,1,Internet+TV,0
CUST1097,Jakarta,36-45,11,200,82.0,6-Month,5,1,0,Internet+TV+Phone,0
CUST1098,Bandung,26-35,36,100,48.73,Annual,12,4,0,Internet+TV,0
CUST1099,Surabaya,26-35,59,20,32.61,Annual,6,1,1,Internet+TV,0
CUST1100,Makassar,26-35,39,100,56.45,6-Month,10,4,1,Internet+TV,0
CUST1101,Jakarta,55+,54,50,40.94,6-Month,13,1,0,Internet Only,0
CUST1102,Makassar,36-45,55,100,65.92,Annual,5,0,0,Internet+TV,1
CUST1103,Makassar,26-35,24,100,61.92,6-Month,5,8,1,Internet Only,0
CUST1104,Jakarta,36-45,22,150,84.65,Annual,1,1,1,Internet+TV+Phone,0
CUST1105,Bandung,46-55,69,150,73.14,6-Month,15,4,0,Internet Only,0
CUST1106,Medan,26-35,56,50,50.39,6-Month,5,0,1,Internet+TV+Phone,0
CUST1107,Surabaya,46-55,33,10,26.38,Monthly,3,3,1,Internet Only,0
CUST1108,Medan,18-25,36,100,56.35,Monthly,8,6,1,Internet+TV,0
CUST1109,Surabaya,46-55,20,20,38.69,Annual,14,0,0,Internet Only,0
CUST1110,Bandung,36-45,62,50,30.52,6-Month,11,5,1,Internet+TV,0
CUST1111,Jakarta,26-35,26,10,39.69,6-Month,0,2,1,Internet+TV,0
CUST1112,Surabaya,26-35,66,100,52.74,Annual,12,2,0,Internet+TV,0
CUST1113,Jakarta,55+,40,20,17.26,6-Month,7,2,1,Internet+TV,0
CUST1114,Surabaya,46-55,17,100,60.23,6-Month,4,6,0,Internet Only,0
CUST1115,Medan,36-45,1,300,121.98,Annual,0,0,0,Internet+TV+Phone,1
CUST1116,Surabaya,18-25,61,10,39.71,Annual,3,0,1,Internet+TV,0
CUST1117,Makassar,26-35,43,10,20.04,Monthly,0,6,1,Internet+TV,1
CUST1118,Bandung,26-35,42,50,40.02,6-Month,5,4,0,Internet+TV,0
CUST1119,Surabaya,18-25,25,150,61.1,6-Month,1,0,1,Internet+TV,0
CUST1120,Surabaya,36-45,39,20,33.5,Monthly,14,2,1,Internet Only,1
CUST1121,Makassar,46-55,35,50,31.28,6-Month,4,2,1,Internet+TV,0
CUST1122,Surabaya,36-45,3,10,29.05,Monthly,6,1,1,Internet+TV,0
CUST1123,Jakarta,26-35,44,150,69.07,Monthly,1,1,0,Internet+TV+Phone,0
CUST1124,Makassar,36-45,51,50,21.12,Monthly,5,3,1,Internet+TV,0
CUST1125,Surabaya,55+,12,150,73.55,Monthly,5,0,1,Internet Only,0
CUST1126,Jakarta,36-45,19,200,90.69,6-Month,4,4,1,Internet Only,0
CUST1127,Surabaya,36-45,44,20,34.05,Annual,4,4,1,Internet Only,0
CUST1128,Medan,55+,59,150,84.95,Annual,13,1,0,Internet Only,0
CUST1129,Surabaya,46-55,49,10,38.8,Monthly,2,1,0,Internet+TV,0
CUST1130,Bandung,18-25,61,200,96.91,Monthly,14,1,1,Internet+TV+Phone,0
CUST1131,Medan,26-35,17,100,57.23,Monthly,15,1,1,Internet Only,1
CUST1132,Medan,55+,57,200,78.58,6-Month,9,3,1,Internet Only,0
CUST1133,Bandung,36-45,55,10,25.12,Monthly,14,1,1,Internet+TV+Phone,1
CUST1134,Jakarta,18-25,47,20,28.72,6-Month,9,2,0,Internet+TV,0
CUST1135,Jakarta,26-35,12,50,35.91,Monthly,10,1,1,Internet+TV,1
CUST1136,Surabaya,36-45,62,50,42.56,Annual,15,1,1,Internet+TV,0
CUST1137,Medan,55+,8,20,35.98,Monthly,11,0,0,Internet+TV,1
CUST1138,Jakarta,26-35,21,50,30.95,Monthly,1,0,1,Internet Only,0
CUST1139,Bandung,36-45,70,20,20.33,Annual,6,0,1,Internet Only,1
CUST1140,Jakarta,46-55,72,50,36.39,Monthly,0,1,1,Internet Only,1
CUST1141,Surabaya,26-35,25,150,67.58,Monthly,15,5,0,Internet Only,0
CUST1142,Jakarta,18-25,12,50,24.37,6-Month,5,4,0,Internet+TV+Phone,0
CUST1143,Jakarta,55+,15,10,15.53,6-Month,5,0,0,Internet+TV,0
CUST1144,Jakarta,36-45,59,50,27.64,Annual,2,0,1,Internet Only,1
CUST1145,Surabaya,36-45,26,10,33.17,Monthly,1,0,0,Internet Only,0
CUST1146,Bandung,36-45,26,300,138.62,Monthly,11,1,1,Internet Only,0
CUST1147,Jakarta,18-25,47,20,18.24,Monthly,1,2,1,Internet+TV,0
CUST1148,Makassar,55+,32,100,59.37,Monthly,13,1,1,Internet+TV,0
CUST1149,Jakarta,26-35,10,300,131.99,Annual,12,0,1,Internet Only,0
CUST1150,Bandung,26-35,16,150,60.56,Annual,8,0,1,Internet Only,0
CUST1151,Makassar,18-25,71,100,56.29,Monthly,15,0,1,Internet+TV,0
CUST1152,Bandung,26-35,17,150,92.77,6-Month,10,0,1,Internet+TV,0
CUST1153,Surabaya,46-55,23,300,130.42,Monthly,4,3,1,Internet Only,1
CUST1154,Jakarta,46-55,26,100,53.04,Annual,6,0,1,Internet+TV,0
CUST1155,Medan,55+,7,100,50.52,Monthly,11,1,1,Internet+TV,1
CUST1156,Bandung,26-35,14,100,38.82,Monthly,4,2,0,Internet Only,0
CUST1157,Medan,36-45,7,100,58.76,6-Month,6,6,1,Internet Only,0
CUST1158,Jakarta,36-45,9,100,70.58,6-Month,12,6,1,Internet Only,0
CUST1159,Bandung,46-55,48,50,30.99,6-Month,3,4,0,Internet+TV+Phone,1
CUST1160,Medan,36-45,72,20,15.0,Monthly,7,0,0,Internet+TV+Phone,1
CUST1161,Makassar,26-35,59,20,21.69,Monthly,12,2,0,Internet+TV+Phone,0
CUST1162,Jakarta,26-35,39,10,30.55,6-Month,10,4,1,Internet+TV,0
CUST1163,Medan,26-35,18,50,34.07,Monthly,13,0,0,Internet+TV,1
CUST1164,Jakarta,36-45,59,10,16.94,Annual,9,2,1,Internet+TV,0
CUST1165,Surabaya,55+,17,100,55.15,Monthly,12,5,0,Internet+TV+Phone,1
CUST1166,Jakarta,26-35,14,50,39.34,6-Month,10,1,0,Internet Only,1
CUST1167,Surabaya,18-25,31,150,61.39,6-Month,9,0,1,Internet+TV,0
CUST1168,Bandung,18-25,24,10,21.76,Monthly,15,0,0,Internet+TV,0
CUST1169,Jakarta,46-55,60,20,23.02,6-Month,6,1,1,Internet+TV,0
CUST1170,Jakarta,26-35,45,100,49.87,Annual,9,0,0,Internet Only,0
CUST1171,Jakarta,26-35,3,100,46.86,Monthly,14,3,1,Internet+TV,0
CUST1172,Makassar,26-35,37,10,31.03,Annual,4,3,0,Internet+TV,0
CUST1173,Makassar,36-45,43,200,84.84,6-Month,10,0,0,Internet Only,0
CUST1174,Medan,36-45,40,200,74.04,Monthly,5,6,1,Internet+TV,0
CUST1175,Jakarta,46-55,55,50,39.61,Monthly,4,1,1,Internet Only,1
CUST1176,Bandung,26-35,39,50,43.3,Monthly,6,0,0,Internet+TV+Phone,1
CUST1177,Surabaya,26-35,15,300,118.63,Annual,11,4,1,Internet+TV,1
CUST1178,Makassar,18-25,4,100,50.52,Annual,1,4,1,Internet+TV,0
CUST1179,Bandung,18-25,25,100,49.81,Annual,4,3,0,Internet Only,0
CUST1180,Medan,26-35,13,150,69.73,Annual,14,5,0,Internet Only,0
CUST1181,Makassar,26-35,33,50,46.35,Annual,15,4,1,Internet+TV,0
CUST1182,Medan,36-45,16,50,36.59,6-Month,9,6,1,Internet Only,0
CUST1183,Jakarta,18-25,42,50,44.22,Monthly,15,1,1,Internet+TV,1
CUST1184,Jakarta,18-25,66,150,64.75,6-Month,14,4,1,Internet Only,0
CUST1185,Bandung,46-55,55,100,51.93,Monthly,2,24,1,Internet+TV,1
CUST1186,Bandung,36-45,42,100,62.63,Annual,8,3,0,Internet+TV,1
CUST1187,Jakarta,36-45,34,50,31.06,Monthly,15,0,0,Internet Only,0
CUST1188,Jakarta,46-55,30,20,35.1,Monthly,12,2,0,Internet+TV,0
CUST1189,Medan,26-35,13,50,32.47,Monthly,5,2,1,Internet+TV,0
CUST1190,Bandung,46-55,13,100,52.43,Monthly,12,0,1,Internet+TV,0
CUST1191,Jakarta,36-45,18,100,68.36,6-Month,9,9,1,Internet Only,0
CUST1192,Surabaya,26-35,32,10,20.01,6-Month,2,0,1,Internet+TV,0
CUST1193,Surabaya,26-35,39,150,73.66,6-Month,6,0,1,Internet Only,0
CUST1194,Medan,36-45,46,10,28.43,6-Month,3,7,1,Internet Only,0
CUST1195,Jakarta,26-35,29,300,126.81,6-Month,13,1,0,Internet Only,0
CUST1196,Surabaya,26-35,62,10,25.54,Monthly,2,0,1,Internet+TV,0
CUST1197,Surabaya,26-35,62,100,54.55,Monthly,7,2,1,Internet Only,0
CUST1198,Jakarta,18-25,57,10,15.0,6-Month,15,2,0,Internet+TV+Phone,0
CUST1199,Medan,18-25,16,200,92.79,6-Month,12,0,1,Internet Only,0
CUST1200,Bandung,18-25,56,50,31.64,Monthly,3,10,1,Internet Only,0
